id,waktu,isp_name,status,ping_ms,download_mbps,upload_mbps
10857,2026-05-22 20:52:50,Linknet,Tidak Ada Gangguan pada Jaringan,15.55,0.0,0.0
10858,2026-05-22 20:55:53,Linknet,SPEEDTEST,21.13,90.72,107.51
10859,2026-05-22 21:05:33,Linknet,SPEEDTEST,18.53,90.51,107.11
10860,2026-05-22 21:09:31,Linknet,Router Internal Bermasalah,0.0,0.0,0.0
10861,2026-05-22 21:09:36,Linknet,Tidak Ada Gangguan pada Jaringan,15.7,0.0,0.0
10862,2026-05-22 21:10:34,Linknet,SPEEDTEST,16.98,99.45,102.79
10863,2026-05-22 21:15:37,Linknet,SPEEDTEST,20.1,91.52,105.52
10864,2026-05-22 21:20:39,Linknet,SPEEDTEST,14.53,96.87,104.14
10865,2026-05-22 21:25:49,Linknet,SPEEDTEST,17.86,57.83,98.36
10866,2026-05-22 21:30:43,Linknet,SPEEDTEST,19.68,87.0,1.24
10867,2026-05-22 21:35:48,Linknet,SPEEDTEST,15.78,12.88,108.09
10868,2026-05-22 21:40:53,Linknet,SPEEDTEST,14.89,88.35,107.67
10869,2026-05-22 21:46:05,Linknet,SPEEDTEST,18.79,86.88,62.6
10870,2026-05-22 21:51:03,Linknet,SPEEDTEST,19.29,87.55,107.44
10871,2026-05-22 21:56:03,Linknet,SPEEDTEST,18.85,88.77,3.34
10872,2026-05-22 22:05:27,Linknet,SPEEDTEST,15.57,7.6,105.35
10873,2026-05-22 22:10:30,Linknet,SPEEDTEST,15.65,87.58,105.62
10874,2026-05-22 22:15:40,Linknet,SPEEDTEST,18.44,97.73,57.94
10875,2026-05-22 22:20:34,Linknet,SPEEDTEST,25.13,98.43,6.87
10876,2026-05-22 22:25:35,Linknet,SPEEDTEST,19.22,86.22,7.18
10877,2026-05-22 22:30:38,Linknet,SPEEDTEST,19.07,89.62,106.15
10878,2026-05-22 22:35:43,Linknet,SPEEDTEST,19.72,86.86,8.87
10879,2026-05-22 22:40:43,Linknet,SPEEDTEST,12.86,93.2,41.74
10880,2026-05-22 22:45:43,Linknet,SPEEDTEST,15.42,92.4,109.49
10881,2026-05-22 22:50:57,Linknet,SPEEDTEST,13.13,79.74,60.8
10882,2026-05-22 22:55:49,Linknet,SPEEDTEST,14.71,93.07,107.97
10883,2026-05-22 23:05:27,Linknet,SPEEDTEST,13.06,91.45,108.42
10884,2026-05-22 23:10:31,Linknet,SPEEDTEST,16.02,92.2,109.43
10885,2026-05-22 23:15:33,Linknet,SPEEDTEST,12.14,94.07,107.74
10886,2026-05-22 23:20:35,Linknet,SPEEDTEST,13.37,90.52,109.89
10887,2026-05-22 23:25:39,Linknet,SPEEDTEST,12.36,95.93,108.92
10888,2026-05-22 23:30:44,Linknet,SPEEDTEST,12.08,92.27,108.76
10889,2026-05-22 23:35:46,Linknet,SPEEDTEST,16.98,91.22,108.46
10890,2026-05-22 23:40:48,Linknet,SPEEDTEST,13.77,95.03,109.61
10891,2026-05-22 23:45:50,Linknet,SPEEDTEST,16.4,91.45,108.44
10892,2026-05-22 23:50:57,Linknet,SPEEDTEST,15.9,50.74,109.33
10893,2026-05-22 23:55:54,Linknet,SPEEDTEST,14.08,89.66,108.16
10894,2026-05-23 00:05:29,Linknet,SPEEDTEST,16.11,92.1,109.33
10895,2026-05-23 00:10:32,Linknet,SPEEDTEST,15.97,91.1,107.06
10896,2026-05-23 00:15:33,Linknet,SPEEDTEST,13.91,93.11,109.19
10897,2026-05-23 00:20:37,Linknet,SPEEDTEST,16.06,95.76,108.24
10898,2026-05-23 00:24:33,Linknet,Akses Internet ke Luar Terganggu,2.37,0.0,0.0
10899,2026-05-23 00:24:38,Linknet,Tidak Ada Gangguan pada Jaringan,15.67,0.0,0.0
10900,2026-05-23 00:24:57,Linknet,Akses Internet ke Luar Terganggu,2.39,0.0,0.0
10901,2026-05-23 00:25:02,Linknet,Tidak Ada Gangguan pada Jaringan,15.7,0.0,0.0
10902,2026-05-23 00:25:42,Linknet,SPEEDTEST,15.51,92.63,108.58
10903,2026-05-23 00:30:44,Linknet,SPEEDTEST,13.24,93.91,109.09
10904,2026-05-23 00:35:49,Linknet,SPEEDTEST,12.59,92.07,16.77
10905,2026-05-23 00:40:53,Linknet,SPEEDTEST,15.65,93.59,57.12
10906,2026-05-23 00:45:52,Linknet,SPEEDTEST,15.46,1.81,106.31
10907,2026-05-23 00:50:56,Linknet,SPEEDTEST,14.46,94.22,82.14
10908,2026-05-23 00:55:56,Linknet,SPEEDTEST,14.95,95.36,108.45
10909,2026-05-23 01:04:59,Linknet,Router Internal Bermasalah,0.0,0.0,0.0
10910,2026-05-23 01:05:04,Linknet,Tidak Ada Gangguan pada Jaringan,15.71,0.0,0.0
10911,2026-05-23 01:05:31,Linknet,SPEEDTEST,12.57,95.93,102.7
10912,2026-05-23 01:10:22,Linknet,Router Internal Bermasalah,0.0,0.0,0.0
10913,2026-05-23 01:10:27,Linknet,Tidak Ada Gangguan pada Jaringan,15.68,0.0,0.0
10914,2026-05-23 01:10:49,Linknet,SPEEDTEST,12.25,92.33,107.67
10915,2026-05-23 01:15:49,Linknet,SPEEDTEST,12.68,94.13,108.24
10916,2026-05-23 01:20:51,Linknet,SPEEDTEST,12.38,14.67,106.37
10917,2026-05-23 01:25:53,Linknet,SPEEDTEST,11.11,94.64,111.07
10918,2026-05-23 01:30:58,Linknet,SPEEDTEST,13.03,93.29,5.29
10919,2026-05-23 01:36:00,Linknet,SPEEDTEST,13.88,94.24,108.49
10920,2026-05-23 01:41:05,Linknet,SPEEDTEST,15.73,94.43,105.99
10921,2026-05-23 01:46:06,Linknet,SPEEDTEST,11.64,97.59,105.2
10922,2026-05-23 01:49:02,Linknet,Router Internal Bermasalah,0.0,0.0,0.0
10923,2026-05-23 01:49:07,Linknet,Tidak Ada Gangguan pada Jaringan,15.55,0.0,0.0
10924,2026-05-23 01:51:06,Linknet,SPEEDTEST,12.14,97.75,103.85
10925,2026-05-23 01:56:10,Linknet,SPEEDTEST,12.51,86.4,106.98
10926,2026-05-23 02:05:47,Linknet,SPEEDTEST,15.18,81.84,99.15
10927,2026-05-23 02:10:37,Linknet,SPEEDTEST,14.9,77.27,17.19
10928,2026-05-23 02:15:37,Linknet,SPEEDTEST,16.99,98.73,99.75
10929,2026-05-23 02:20:40,Linknet,SPEEDTEST,14.59,90.85,42.59
10930,2026-05-23 02:25:53,Linknet,SPEEDTEST,12.26,98.33,46.1
10931,2026-05-23 02:30:46,Linknet,SPEEDTEST,14.09,98.06,98.33
10932,2026-05-23 02:35:48,Linknet,SPEEDTEST,14.22,86.86,7.28
10933,2026-05-23 02:40:47,Linknet,SPEEDTEST,15.13,90.11,105.88
10934,2026-05-23 02:45:53,Linknet,SPEEDTEST,14.1,96.89,106.45
10935,2026-05-23 02:51:04,Linknet,SPEEDTEST,16.35,94.0,103.63
10936,2026-05-23 02:55:58,Linknet,SPEEDTEST,15.89,11.16,106.6
10937,2026-05-23 03:05:26,Linknet,SPEEDTEST,12.88,96.2,53.12
10938,2026-05-23 03:10:38,Linknet,SPEEDTEST,22.43,94.26,107.87
10939,2026-05-23 03:15:33,Linknet,SPEEDTEST,14.77,98.3,107.55
10940,2026-05-23 03:20:39,Linknet,SPEEDTEST,16.0,97.22,52.52
10941,2026-05-23 03:25:41,Linknet,SPEEDTEST,12.41,88.07,106.21
10942,2026-05-23 03:30:42,Linknet,SPEEDTEST,17.17,95.68,106.39
10943,2026-05-23 03:35:48,Linknet,SPEEDTEST,13.54,97.35,7.74
10944,2026-05-23 03:40:49,Linknet,SPEEDTEST,13.85,68.15,107.36
10945,2026-05-23 03:45:50,Linknet,SPEEDTEST,11.71,97.12,97.57
10946,2026-05-23 03:50:56,Linknet,SPEEDTEST,23.39,98.51,108.7
10947,2026-05-23 03:56:00,Linknet,SPEEDTEST,12.2,69.29,107.27
10948,2026-05-23 04:05:32,Linknet,SPEEDTEST,14.68,68.48,2.36
10949,2026-05-23 04:10:35,Linknet,SPEEDTEST,17.25,73.3,104.19
10950,2026-05-23 04:15:37,Linknet,SPEEDTEST,14.74,94.01,2.93
10951,2026-05-23 04:20:39,Linknet,SPEEDTEST,14.87,92.46,7.29
10952,2026-05-23 04:25:42,Linknet,SPEEDTEST,12.47,93.97,105.38
10953,2026-05-23 04:30:48,Linknet,SPEEDTEST,14.78,92.67,40.43
10954,2026-05-23 04:35:52,Linknet,SPEEDTEST,15.56,64.25,106.88
10955,2026-05-23 04:40:50,Linknet,SPEEDTEST,11.96,100.13,107.29
10956,2026-05-23 04:45:53,Linknet,SPEEDTEST,13.43,95.79,107.36
10957,2026-05-23 04:50:56,Linknet,SPEEDTEST,13.54,97.16,107.08
10958,2026-05-23 04:53:21,Linknet,Router Internal Bermasalah,0.0,0.0,0.0
10959,2026-05-23 04:53:26,Linknet,Tidak Ada Gangguan pada Jaringan,15.59,0.0,0.0
10960,2026-05-23 04:56:00,Linknet,SPEEDTEST,14.41,98.71,108.17
10961,2026-05-23 05:05:29,Linknet,SPEEDTEST,13.41,96.26,107.31
10962,2026-05-23 05:10:35,Linknet,SPEEDTEST,12.84,97.61,4.65
10963,2026-05-23 05:15:38,Linknet,SPEEDTEST,12.9,97.55,106.51
10964,2026-05-23 05:20:04,Linknet,Router Internal Bermasalah,0.0,0.0,0.0
10965,2026-05-23 05:20:09,Linknet,Tidak Ada Gangguan pada Jaringan,15.65,0.0,0.0
10966,2026-05-23 05:20:41,Linknet,SPEEDTEST,16.77,97.16,90.45
10967,2026-05-23 05:24:37,Linknet,Gangguan ISP Gedung,6.75,0.0,0.0
10968,2026-05-23 05:24:42,Linknet,Tidak Ada Gangguan pada Jaringan,15.7,0.0,0.0
10969,2026-05-23 05:25:01,Linknet,Akses Internet ke Luar Terganggu,2.28,0.0,0.0
10970,2026-05-23 05:25:06,Linknet,Tidak Ada Gangguan pada Jaringan,15.55,0.0,0.0
10971,2026-05-23 05:25:47,Linknet,SPEEDTEST,17.32,95.48,109.01
10972,2026-05-23 05:30:51,Linknet,SPEEDTEST,14.4,78.54,66.14
10973,2026-05-23 05:35:55,Linknet,SPEEDTEST,13.95,95.07,107.06
10974,2026-05-23 05:40:57,Linknet,SPEEDTEST,16.56,95.57,107.0
10975,2026-05-23 05:45:58,Linknet,SPEEDTEST,15.66,96.26,106.3
10976,2026-05-23 05:51:00,Linknet,SPEEDTEST,17.22,97.25,107.01
10977,2026-05-23 05:56:07,Linknet,SPEEDTEST,14.97,94.88,61.72
10978,2026-05-23 06:04:21,Linknet,SPEEDTEST,16.71,19.88,106.22
10979,2026-05-23 06:09:35,Linknet,SPEEDTEST,13.4,95.84,56.3
10980,2026-05-23 06:14:26,Linknet,SPEEDTEST,15.84,94.74,106.25
10981,2026-05-23 06:19:30,Linknet,SPEEDTEST,15.99,96.86,107.34
10982,2026-05-23 06:24:38,Linknet,SPEEDTEST,13.95,98.31,106.21
10983,2026-05-23 06:29:38,Linknet,SPEEDTEST,17.13,91.54,63.35
10984,2026-05-23 06:34:44,Linknet,SPEEDTEST,14.94,93.2,107.36
10985,2026-05-23 06:39:46,Linknet,SPEEDTEST,14.04,97.32,105.4
10986,2026-05-23 06:44:47,Linknet,SPEEDTEST,18.44,98.82,106.6
10987,2026-05-23 06:50:01,Linknet,SPEEDTEST,19.01,94.64,107.53
10988,2026-05-23 06:54:54,Linknet,SPEEDTEST,13.13,96.28,106.88
10989,2026-05-23 06:59:57,Linknet,SPEEDTEST,12.94,98.52,57.18
10990,2026-05-23 07:05:30,Linknet,SPEEDTEST,13.95,96.3,71.39
10991,2026-05-23 07:10:32,Linknet,SPEEDTEST,16.14,96.23,106.97
10992,2026-05-23 07:15:36,Linknet,SPEEDTEST,14.98,93.75,109.29
10993,2026-05-23 07:20:36,Linknet,SPEEDTEST,14.19,81.94,106.22
10994,2026-05-23 07:25:42,Linknet,SPEEDTEST,14.93,96.66,107.13
10995,2026-05-23 07:30:47,Linknet,SPEEDTEST,12.61,96.23,105.57
10996,2026-05-23 07:35:47,Linknet,SPEEDTEST,16.21,97.73,107.82
10997,2026-05-23 07:40:50,Linknet,SPEEDTEST,12.76,98.47,106.66
10998,2026-05-23 07:45:53,Linknet,SPEEDTEST,11.6,92.27,104.67
10999,2026-05-23 07:50:54,Linknet,SPEEDTEST,13.34,96.93,106.18
11000,2026-05-23 07:56:07,Linknet,SPEEDTEST,13.01,93.43,106.85
11001,2026-05-23 08:05:26,Linknet,SPEEDTEST,13.32,92.71,100.41
11002,2026-05-23 08:06:36,Linknet,Router Internal Bermasalah,0.0,0.0,0.0
11003,2026-05-23 08:06:41,Linknet,Tidak Ada Gangguan pada Jaringan,15.95,0.0,0.0
11004,2026-05-23 08:10:28,Linknet,SPEEDTEST,12.63,88.05,55.76
11005,2026-05-23 08:15:29,Linknet,SPEEDTEST,12.79,85.46,104.79
11006,2026-05-23 08:20:33,Linknet,SPEEDTEST,13.43,94.51,55.34
11007,2026-05-23 08:25:37,Linknet,SPEEDTEST,18.54,94.56,106.39
11008,2026-05-23 08:30:38,Linknet,SPEEDTEST,12.11,99.83,106.4
11009,2026-05-23 08:35:42,Linknet,SPEEDTEST,13.44,99.88,106.12
11010,2026-05-23 08:40:45,Linknet,SPEEDTEST,16.17,97.27,107.04
11011,2026-05-23 08:45:45,Linknet,SPEEDTEST,17.96,94.94,8.91
11012,2026-05-23 08:50:46,Linknet,SPEEDTEST,14.15,91.3,105.66
11013,2026-05-23 08:53:07,Linknet,Akses Internet ke Luar Terganggu,3.53,0.0,0.0
11014,2026-05-23 08:53:12,Linknet,Tidak Ada Gangguan pada Jaringan,15.93,0.0,0.0
11015,2026-05-23 08:55:46,Linknet,SPEEDTEST,13.25,90.25,105.9
11016,2026-05-23 09:05:27,Linknet,SPEEDTEST,13.41,86.18,66.56
11017,2026-05-23 09:10:31,Linknet,SPEEDTEST,14.27,90.51,107.28
11018,2026-05-23 09:15:36,Linknet,SPEEDTEST,13.39,95.13,62.35
11019,2026-05-23 09:20:38,Linknet,SPEEDTEST,13.93,94.57,105.49
11020,2026-05-23 09:25:42,Linknet,SPEEDTEST,14.38,93.55,107.06
11021,2026-05-23 09:30:45,Linknet,SPEEDTEST,12.64,98.17,105.42
11022,2026-05-23 09:35:57,Linknet,SPEEDTEST,16.21,93.83,59.53
11023,2026-05-23 09:40:49,Linknet,SPEEDTEST,10.68,94.45,106.48
11024,2026-05-23 09:42:52,Linknet,Router Internal Bermasalah,0.0,0.0,0.0
11025,2026-05-23 09:42:57,Linknet,Tidak Ada Gangguan pada Jaringan,15.93,0.0,0.0
11026,2026-05-23 09:45:54,Linknet,SPEEDTEST,12.73,95.75,104.64
11027,2026-05-23 09:51:16,Linknet,SPEEDTEST,17.32,93.53,105.82
11028,2026-05-23 09:56:18,Linknet,SPEEDTEST,13.17,95.92,3.39
11029,2026-05-23 10:05:50,Linknet,SPEEDTEST,15.04,95.67,105.2
11030,2026-05-23 10:10:56,Linknet,SPEEDTEST,13.3,93.85,53.73
11031,2026-05-23 10:15:55,Linknet,SPEEDTEST,13.25,94.58,106.38
11032,2026-05-23 10:21:09,Linknet,SPEEDTEST,17.22,99.35,104.39
11033,2026-05-23 10:26:28,Linknet,SPEEDTEST,15.8,95.79,107.12
11034,2026-05-23 10:30:32,Linknet,Gangguan ISP Gedung,7.94,0.0,0.0
11035,2026-05-23 10:30:37,Linknet,Tidak Ada Gangguan pada Jaringan,18.04,0.0,0.0
11036,2026-05-23 10:31:20,Linknet,SPEEDTEST,18.13,78.87,107.17
11037,2026-05-23 10:36:45,Linknet,SPEEDTEST,13.43,94.75,107.41
11038,2026-05-23 10:41:04,Linknet,SPEEDTEST,12.1,91.34,98.99
11039,2026-05-23 10:46:12,Linknet,SPEEDTEST,30.83,95.05,106.52
11040,2026-05-23 10:51:08,Linknet,SPEEDTEST,16.39,87.66,94.67
11041,2026-05-23 10:56:10,Linknet,SPEEDTEST,15.68,97.3,105.39
11042,2026-05-23 11:05:34,Linknet,SPEEDTEST,19.07,89.08,89.27
11043,2026-05-23 11:08:25,Linknet,Router Internal Bermasalah,0.0,0.0,0.0
11044,2026-05-23 11:08:30,Linknet,Tidak Ada Gangguan pada Jaringan,16.68,0.0,0.0
11045,2026-05-23 11:10:33,Linknet,SPEEDTEST,15.79,94.67,87.4
11046,2026-05-23 11:15:39,Linknet,SPEEDTEST,26.7,51.47,87.25
11047,2026-05-23 11:20:40,Linknet,SPEEDTEST,25.98,95.85,95.79
11048,2026-05-23 11:25:43,Linknet,SPEEDTEST,29.93,96.08,90.72
11049,2026-05-23 11:30:54,Linknet,SPEEDTEST,36.73,98.39,106.64
11050,2026-05-23 11:35:48,Linknet,SPEEDTEST,16.92,90.39,100.75
11051,2026-05-23 11:40:57,Linknet,SPEEDTEST,15.85,93.83,106.26
11052,2026-05-23 11:46:00,Linknet,SPEEDTEST,43.23,67.03,1.23
11053,2026-05-23 11:51:08,Linknet,SPEEDTEST,15.3,96.39,102.38
11054,2026-05-23 11:56:03,Linknet,SPEEDTEST,32.99,93.0,98.91
11055,2026-05-23 11:56:42,Linknet,Router Internal Bermasalah,0.0,0.0,0.0
11056,2026-05-23 11:56:47,Linknet,Tidak Ada Gangguan pada Jaringan,15.42,0.0,0.0
11057,2026-05-23 12:00:28,Linknet,Gangguan ISP Gedung,6.23,0.0,0.0
11058,2026-05-23 12:00:33,Linknet,Tidak Ada Gangguan pada Jaringan,15.46,0.0,0.0
11059,2026-05-23 12:05:41,Linknet,SPEEDTEST,25.76,47.99,96.91
11060,2026-05-23 12:10:32,Linknet,SPEEDTEST,17.57,92.97,98.33
11061,2026-05-23 12:12:47,Linknet,Router Internal Bermasalah,0.0,0.0,0.0
11062,2026-05-23 12:12:52,Linknet,Tidak Ada Gangguan pada Jaringan,17.78,0.0,0.0
11063,2026-05-23 12:15:39,Linknet,SPEEDTEST,17.57,94.14,99.11
11064,2026-05-23 12:20:39,Linknet,SPEEDTEST,28.99,98.29,104.89
11065,2026-05-23 12:25:42,Linknet,SPEEDTEST,30.03,95.09,103.5
11066,2026-05-23 12:30:45,Linknet,SPEEDTEST,14.58,98.08,105.31
11067,2026-05-23 12:35:46,Linknet,SPEEDTEST,30.23,95.24,96.39
11068,2026-05-23 12:40:46,Linknet,SPEEDTEST,28.2,96.83,105.2
11069,2026-05-23 12:45:50,Linknet,SPEEDTEST,28.15,96.6,105.85
11070,2026-05-23 12:50:57,Linknet,SPEEDTEST,16.25,96.39,89.31
11071,2026-05-23 12:55:57,Linknet,SPEEDTEST,13.07,90.78,100.64
11072,2026-05-23 13:05:32,Linknet,SPEEDTEST,14.05,92.18,94.58
11073,2026-05-23 13:05:56,Linknet,Router Internal Bermasalah,0.0,0.0,0.0
11074,2026-05-23 13:06:01,Linknet,Tidak Ada Gangguan pada Jaringan,15.76,0.0,0.0
11075,2026-05-23 13:10:33,Linknet,SPEEDTEST,15.2,87.83,93.67
11076,2026-05-23 13:15:36,Linknet,SPEEDTEST,16.73,96.76,96.16
11077,2026-05-23 13:20:35,Linknet,SPEEDTEST,38.51,94.58,97.73
11078,2026-05-23 13:25:43,Linknet,SPEEDTEST,26.98,65.04,73.14
11079,2026-05-23 13:27:18,Linknet,Router Internal Bermasalah,0.0,0.0,0.0
11080,2026-05-23 13:27:23,Linknet,Tidak Ada Gangguan pada Jaringan,16.42,0.0,0.0
11081,2026-05-23 13:29:14,Linknet,Akses Internet ke Luar Terganggu,7.53,0.0,0.0
11082,2026-05-23 13:29:19,Linknet,Tidak Ada Gangguan pada Jaringan,15.68,0.0,0.0
11083,2026-05-23 13:30:44,Linknet,SPEEDTEST,29.26,89.21,106.91
11084,2026-05-23 13:32:33,Linknet,Router Internal Bermasalah,0.0,0.0,0.0
11085,2026-05-23 13:32:38,Linknet,Tidak Ada Gangguan pada Jaringan,15.53,0.0,0.0
11086,2026-05-23 13:35:50,Linknet,SPEEDTEST,17.41,87.73,105.91
11087,2026-05-23 13:40:58,Linknet,SPEEDTEST,17.62,95.66,106.37
11088,2026-05-23 13:45:48,Linknet,SPEEDTEST,16.04,95.21,7.32
11089,2026-05-23 13:50:49,Linknet,SPEEDTEST,12.97,94.69,106.03
11090,2026-05-23 13:55:51,Linknet,SPEEDTEST,14.63,98.44,107.75
11091,2026-05-23 14:05:28,Linknet,SPEEDTEST,13.56,96.8,107.5
11092,2026-05-23 14:10:30,Linknet,SPEEDTEST,15.08,95.36,107.18
11093,2026-05-23 14:15:31,Linknet,SPEEDTEST,16.71,95.8,104.93
11094,2026-05-23 14:20:53,Linknet,SPEEDTEST,12.24,93.89,74.92
11095,2026-05-23 14:25:38,Linknet,SPEEDTEST,16.14,64.67,106.73
11096,2026-05-23 14:30:38,Linknet,SPEEDTEST,18.13,94.26,107.99
11097,2026-05-23 14:35:44,Linknet,SPEEDTEST,15.27,70.82,12.13
11098,2026-05-23 14:40:43,Linknet,SPEEDTEST,16.34,96.44,106.89
11099,2026-05-23 14:45:48,Linknet,SPEEDTEST,14.69,95.77,107.44
11100,2026-05-23 14:50:53,Linknet,SPEEDTEST,17.78,94.44,106.18
11101,2026-05-23 14:52:33,Linknet,Router Internal Bermasalah,0.0,0.0,0.0
11102,2026-05-23 14:52:38,Linknet,Tidak Ada Gangguan pada Jaringan,15.7,0.0,0.0
11103,2026-05-23 14:55:56,Linknet,SPEEDTEST,16.46,95.18,106.94
11104,2026-05-23 15:05:29,Linknet,SPEEDTEST,15.31,95.31,107.22
11105,2026-05-23 15:10:33,Linknet,SPEEDTEST,17.26,4.47,107.83
11106,2026-05-23 15:15:43,Linknet,SPEEDTEST,14.77,97.02,106.01
11107,2026-05-23 15:20:45,Linknet,SPEEDTEST,17.44,95.33,106.27
11108,2026-05-23 15:25:40,Linknet,SPEEDTEST,17.06,97.7,106.28
11109,2026-05-23 15:30:39,Linknet,SPEEDTEST,12.52,95.21,96.85
11110,2026-05-23 15:35:44,Linknet,SPEEDTEST,17.07,99.43,105.69
11111,2026-05-23 15:40:30,Linknet,Router Internal Bermasalah,0.0,0.0,0.0
11112,2026-05-23 15:40:36,Linknet,Tidak Ada Gangguan pada Jaringan,15.51,0.0,0.0
11113,2026-05-23 15:40:57,Linknet,SPEEDTEST,12.14,93.88,101.02
11114,2026-05-23 15:46:00,Linknet,SPEEDTEST,16.54,25.79,50.94
11115,2026-05-23 15:51:03,Linknet,SPEEDTEST,12.3,94.39,7.27
11116,2026-05-23 15:56:05,Linknet,SPEEDTEST,14.29,97.42,108.02
11117,2026-05-23 16:05:27,Linknet,SPEEDTEST,17.57,94.99,106.08
11118,2026-05-23 16:10:28,Linknet,SPEEDTEST,13.5,96.31,107.96
11119,2026-05-23 16:15:28,Linknet,SPEEDTEST,13.14,94.56,12.37
11120,2026-05-23 16:20:30,Linknet,SPEEDTEST,13.28,96.28,106.7
11121,2026-05-23 16:25:33,Linknet,SPEEDTEST,16.17,94.86,92.29
11122,2026-05-23 16:30:37,Linknet,SPEEDTEST,11.78,95.21,107.35
11123,2026-05-23 16:32:25,Linknet,Akses Internet ke Luar Terganggu,2.39,0.0,0.0
11124,2026-05-23 16:32:33,Linknet,Tidak Ada Gangguan pada Jaringan,20.34,0.0,0.0
11125,2026-05-23 16:35:38,Linknet,SPEEDTEST,12.16,97.05,3.34
11126,2026-05-23 16:40:43,Linknet,SPEEDTEST,21.2,97.75,106.77
11127,2026-05-23 16:45:47,Linknet,SPEEDTEST,19.38,97.13,106.51
11128,2026-05-23 16:50:48,Linknet,SPEEDTEST,19.54,98.47,104.21
11129,2026-05-23 16:55:53,Linknet,SPEEDTEST,20.16,96.65,105.88
11130,2026-05-23 16:58:28,Linknet,Akses Internet ke Luar Terganggu,2.29,0.0,0.0
11131,2026-05-23 16:58:33,Linknet,Tidak Ada Gangguan pada Jaringan,15.45,0.0,0.0
11132,2026-05-23 17:00:55,Linknet,Akses Internet ke Luar Terganggu,2.56,0.0,0.0
11133,2026-05-23 17:01:00,Linknet,Tidak Ada Gangguan pada Jaringan,15.57,0.0,0.0
11134,2026-05-23 17:02:22,Linknet,Akses Internet ke Luar Terganggu,2.31,0.0,0.0
11135,2026-05-23 17:02:27,Linknet,Tidak Ada Gangguan pada Jaringan,15.61,0.0,0.0
11136,2026-05-23 17:03:47,Linknet,Akses Internet ke Luar Terganggu,2.51,0.0,0.0
11137,2026-05-23 17:03:52,Linknet,Tidak Ada Gangguan pada Jaringan,15.64,0.0,0.0
11138,2026-05-23 17:05:33,Linknet,SPEEDTEST,21.29,97.07,103.02
11139,2026-05-23 17:05:57,Linknet,Gangguan ISP Gedung,7.04,0.0,0.0
11140,2026-05-23 17:06:02,Linknet,Tidak Ada Gangguan pada Jaringan,18.58,0.0,0.0
11141,2026-05-23 17:07:15,Linknet,Akses Internet ke Luar Terganggu,2.19,0.0,0.0
11142,2026-05-23 17:07:20,Linknet,Tidak Ada Gangguan pada Jaringan,15.56,0.0,0.0
11143,2026-05-23 17:10:36,Linknet,SPEEDTEST,21.08,97.59,105.09
11144,2026-05-23 17:11:56,Linknet,Akses Internet ke Luar Terganggu,2.36,0.0,0.0
11145,2026-05-23 17:12:01,Linknet,Tidak Ada Gangguan pada Jaringan,15.65,0.0,0.0
11146,2026-05-23 17:15:40,Linknet,SPEEDTEST,17.4,96.81,107.72
11147,2026-05-23 17:20:42,Linknet,SPEEDTEST,19.31,94.76,107.09
11148,2026-05-23 17:25:49,Linknet,SPEEDTEST,13.25,95.77,61.83
11149,2026-05-23 17:30:52,Linknet,SPEEDTEST,16.13,96.5,103.4
11150,2026-05-23 17:35:56,Linknet,SPEEDTEST,28.91,95.76,5.4
11151,2026-05-23 17:40:59,Linknet,SPEEDTEST,45.05,96.13,108.58
11152,2026-05-23 17:46:03,Linknet,SPEEDTEST,17.63,96.63,108.36
11153,2026-05-23 17:51:03,Linknet,SPEEDTEST,18.49,98.37,104.65
11154,2026-05-23 17:56:03,Linknet,SPEEDTEST,20.09,97.16,105.93
11155,2026-05-23 18:05:31,Linknet,SPEEDTEST,20.08,97.72,104.58
11156,2026-05-23 18:10:32,Linknet,SPEEDTEST,18.28,95.78,108.42
11157,2026-05-23 18:15:37,Linknet,SPEEDTEST,17.99,73.25,104.72
11158,2026-05-23 18:20:41,Linknet,SPEEDTEST,20.52,91.72,13.01
11159,2026-05-23 18:25:43,Linknet,SPEEDTEST,20.4,94.29,105.61
11160,2026-05-23 18:30:51,Linknet,SPEEDTEST,21.95,96.66,103.17
11161,2026-05-23 18:35:48,Linknet,SPEEDTEST,20.69,93.18,108.06
11162,2026-05-23 18:40:51,Linknet,SPEEDTEST,20.67,97.05,104.43
11163,2026-05-23 18:45:55,Linknet,SPEEDTEST,16.61,95.46,98.79
11164,2026-05-23 18:50:54,Linknet,SPEEDTEST,14.38,92.47,107.5
11165,2026-05-23 18:55:56,Linknet,SPEEDTEST,17.05,92.96,114.13
11166,2026-05-23 19:05:31,Linknet,SPEEDTEST,17.0,100.06,16.6
11167,2026-05-23 19:09:07,Linknet,Router Internal Bermasalah,0.0,0.0,0.0
11168,2026-05-23 19:09:12,Linknet,Tidak Ada Gangguan pada Jaringan,15.68,0.0,0.0
11169,2026-05-23 19:10:35,Linknet,SPEEDTEST,21.65,98.31,104.66
11170,2026-05-23 19:14:31,Linknet,Router Internal Bermasalah,0.0,0.0,0.0
11171,2026-05-23 19:14:36,Linknet,Tidak Ada Gangguan pada Jaringan,15.66,0.0,0.0
11172,2026-05-23 19:15:39,Linknet,SPEEDTEST,20.73,94.11,107.28
11173,2026-05-23 19:20:42,Linknet,SPEEDTEST,20.89,96.55,103.58
11174,2026-05-23 19:25:44,Linknet,SPEEDTEST,17.4,98.71,109.42
11175,2026-05-23 19:30:49,Linknet,SPEEDTEST,18.24,94.86,107.13
11176,2026-05-23 19:35:53,Linknet,SPEEDTEST,15.89,67.87,63.43
11177,2026-05-23 19:40:58,Linknet,SPEEDTEST,15.32,92.73,103.01
11178,2026-05-23 19:46:02,Linknet,SPEEDTEST,13.92,95.54,105.91
11179,2026-05-23 19:51:05,Linknet,SPEEDTEST,11.23,93.97,102.91
11180,2026-05-23 19:56:09,Linknet,SPEEDTEST,16.24,97.57,104.22
11181,2026-05-23 20:05:32,Linknet,SPEEDTEST,16.8,94.14,105.07
11182,2026-05-23 20:10:36,Linknet,SPEEDTEST,16.51,95.05,51.28
11183,2026-05-23 20:15:34,Linknet,SPEEDTEST,14.87,93.73,94.45
11184,2026-05-23 20:20:40,Linknet,SPEEDTEST,16.84,94.5,105.6
11185,2026-05-23 20:25:43,Linknet,SPEEDTEST,15.38,95.43,103.48
11186,2026-05-23 20:30:44,Linknet,SPEEDTEST,17.13,97.73,102.56
11187,2026-05-23 20:35:45,Linknet,SPEEDTEST,15.01,94.76,105.17
11188,2026-05-23 20:40:55,Linknet,SPEEDTEST,16.59,96.58,103.77
11189,2026-05-23 20:45:50,Linknet,SPEEDTEST,17.92,94.83,106.01
11190,2026-05-23 20:50:54,Linknet,SPEEDTEST,12.47,66.11,105.77
11191,2026-05-23 20:55:53,Linknet,SPEEDTEST,16.71,92.28,70.92
11192,2026-05-23 21:05:34,Linknet,SPEEDTEST,16.65,92.75,106.15
11193,2026-05-23 21:10:34,Linknet,SPEEDTEST,15.62,95.98,104.53
11194,2026-05-23 21:15:37,Linknet,SPEEDTEST,11.76,94.37,105.3
11195,2026-05-23 21:20:39,Linknet,SPEEDTEST,15.56,93.13,83.75
11196,2026-05-23 21:25:48,Linknet,SPEEDTEST,16.68,94.64,72.04
11197,2026-05-23 21:30:47,Linknet,SPEEDTEST,13.09,94.64,98.16
11198,2026-05-23 21:35:48,Linknet,SPEEDTEST,13.57,94.86,98.17
11199,2026-05-23 21:40:49,Linknet,SPEEDTEST,11.73,93.61,104.96
11200,2026-05-23 21:46:01,Linknet,SPEEDTEST,13.61,97.32,106.18
11201,2026-05-23 21:49:20,Linknet,Akses Internet ke Luar Terganggu,2.49,0.0,0.0
11202,2026-05-23 21:49:25,Linknet,Tidak Ada Gangguan pada Jaringan,15.69,0.0,0.0
11203,2026-05-23 21:50:53,Linknet,SPEEDTEST,11.39,95.65,105.56
11204,2026-05-23 21:54:39,Linknet,Router Internal Bermasalah,0.0,0.0,0.0
11205,2026-05-23 21:54:44,Linknet,Tidak Ada Gangguan pada Jaringan,15.65,0.0,0.0
11206,2026-05-23 21:55:56,Linknet,SPEEDTEST,12.91,97.49,105.38
11207,2026-05-23 22:05:31,Linknet,SPEEDTEST,13.1,60.36,51.01
11208,2026-05-23 22:10:36,Linknet,SPEEDTEST,16.25,95.48,98.53
11209,2026-05-23 22:15:40,Linknet,SPEEDTEST,11.99,95.96,82.47
11210,2026-05-23 22:20:44,Linknet,SPEEDTEST,15.98,91.34,108.31
11211,2026-05-23 22:25:49,Linknet,SPEEDTEST,17.33,94.99,103.33
11212,2026-05-23 22:30:50,Linknet,SPEEDTEST,17.52,97.01,8.67
11213,2026-05-23 22:35:49,Linknet,SPEEDTEST,15.17,95.86,104.99
11214,2026-05-23 22:40:50,Linknet,SPEEDTEST,22.88,95.2,103.43
11215,2026-05-23 22:45:53,Linknet,SPEEDTEST,20.16,98.09,102.4
11216,2026-05-23 22:48:21,Linknet,Router Internal Bermasalah,0.0,0.0,0.0
11217,2026-05-23 22:48:26,Linknet,Tidak Ada Gangguan pada Jaringan,17.24,0.0,0.0
11218,2026-05-23 22:50:54,Linknet,SPEEDTEST,16.56,97.04,91.47
11219,2026-05-23 22:55:55,Linknet,SPEEDTEST,13.08,92.23,105.16
11220,2026-05-23 23:05:29,Linknet,SPEEDTEST,16.32,91.79,104.44
11221,2026-05-23 23:10:39,Linknet,SPEEDTEST,11.74,49.46,94.12
11222,2026-05-23 23:15:36,Linknet,SPEEDTEST,13.7,95.01,95.8
11223,2026-05-23 23:20:33,Linknet,SPEEDTEST,19.8,95.64,68.41
11224,2026-05-23 23:25:38,Linknet,SPEEDTEST,15.88,95.95,103.04
11225,2026-05-23 23:30:42,Linknet,SPEEDTEST,20.41,97.26,103.59
11226,2026-05-23 23:35:46,Linknet,SPEEDTEST,13.72,94.68,112.49
11227,2026-05-23 23:40:50,Linknet,SPEEDTEST,18.93,95.05,112.72
11228,2026-05-23 23:45:52,Linknet,SPEEDTEST,14.69,94.17,98.92
11229,2026-05-23 23:47:26,Linknet,Router Internal Bermasalah,0.0,0.0,0.0
11230,2026-05-23 23:47:31,Linknet,Tidak Ada Gangguan pada Jaringan,15.48,0.0,0.0
11231,2026-05-23 23:50:27,Linknet,Gangguan ISP Gedung,7.14,0.0,0.0
11232,2026-05-23 23:50:32,Linknet,Tidak Ada Gangguan pada Jaringan,17.07,0.0,0.0
11233,2026-05-23 23:50:54,Linknet,SPEEDTEST,15.92,89.19,98.02
11234,2026-05-23 23:52:49,Linknet,Router Internal Bermasalah,0.0,0.0,0.0
11235,2026-05-23 23:52:54,Linknet,Tidak Ada Gangguan pada Jaringan,15.38,0.0,0.0
11236,2026-05-23 23:56:04,Linknet,SPEEDTEST,16.78,57.78,100.46
11237,2026-05-24 00:05:37,Linknet,SPEEDTEST,13.61,57.15,69.13
11238,2026-05-24 00:10:37,Linknet,SPEEDTEST,18.57,96.44,102.56
11239,2026-05-24 00:15:36,Linknet,SPEEDTEST,19.32,97.68,102.94
11240,2026-05-24 00:20:37,Linknet,SPEEDTEST,16.04,97.57,8.06
11241,2026-05-24 00:25:37,Linknet,SPEEDTEST,17.8,88.49,87.03
11242,2026-05-24 00:30:42,Linknet,SPEEDTEST,16.45,23.42,51.66
11243,2026-05-24 00:35:46,Linknet,SPEEDTEST,16.25,92.3,70.51
11244,2026-05-24 00:40:46,Linknet,SPEEDTEST,11.74,93.77,92.56
11245,2026-05-24 00:45:49,Linknet,SPEEDTEST,20.35,97.15,105.23
11246,2026-05-24 00:50:51,Linknet,SPEEDTEST,16.26,92.77,106.01
11247,2026-05-24 00:55:52,Linknet,SPEEDTEST,18.16,97.34,102.01
11248,2026-05-24 01:05:36,Linknet,SPEEDTEST,28.39,97.64,106.09
11249,2026-05-24 01:10:40,Linknet,SPEEDTEST,26.82,97.22,107.6
11250,2026-05-24 01:15:43,Linknet,SPEEDTEST,15.47,94.78,48.28
11251,2026-05-24 01:20:33,Linknet,SPEEDTEST,22.8,98.17,104.94
11252,2026-05-24 01:25:35,Linknet,SPEEDTEST,16.53,95.37,97.19
11253,2026-05-24 01:30:45,Linknet,SPEEDTEST,15.77,73.82,98.46
11254,2026-05-24 01:35:45,Linknet,SPEEDTEST,20.5,96.5,103.81
11255,2026-05-24 01:39:31,Linknet,Gangguan ISP Gedung,6.9,0.0,0.0
11256,2026-05-24 01:40:55,Linknet,Router Internal Bermasalah,0.0,0.0,0.0
11257,2026-05-24 01:42:39,Linknet,Gangguan ISP Gedung,8.47,0.0,0.0
11258,2026-05-24 01:43:19,Linknet,Tidak Ada Gangguan pada Jaringan,16.62,0.0,0.0
11259,2026-05-24 01:43:42,Linknet,SPEEDTEST,17.55,94.89,103.71
11260,2026-05-24 01:48:37,Linknet,SPEEDTEST,12.71,100.58,28.46
11261,2026-05-24 01:53:38,Linknet,SPEEDTEST,17.42,96.04,105.19
11262,2026-05-24 01:58:40,Linknet,SPEEDTEST,16.8,10.3,101.62
11263,2026-05-24 02:05:28,Linknet,SPEEDTEST,15.72,94.6,91.18
11264,2026-05-24 02:10:33,Linknet,SPEEDTEST,16.58,97.04,105.47
11265,2026-05-24 02:15:40,Linknet,SPEEDTEST,13.56,97.13,104.48
11266,2026-05-24 02:17:30,Linknet,Router Internal Bermasalah,0.0,0.0,0.0
11267,2026-05-24 02:17:35,Linknet,Tidak Ada Gangguan pada Jaringan,15.41,0.0,0.0
11268,2026-05-24 02:20:52,Linknet,SPEEDTEST,15.51,50.97,104.0
11269,2026-05-24 02:25:49,Linknet,SPEEDTEST,13.35,60.83,10.81
11270,2026-05-24 02:30:57,Linknet,SPEEDTEST,16.42,31.29,29.07
11271,2026-05-24 02:35:56,Linknet,SPEEDTEST,19.55,97.83,18.04
11272,2026-05-24 02:40:56,Linknet,SPEEDTEST,16.07,96.43,105.46
11273,2026-05-24 02:45:59,Linknet,SPEEDTEST,17.44,97.62,105.53
11274,2026-05-24 02:51:02,Linknet,SPEEDTEST,13.02,97.56,105.29
11275,2026-05-24 02:54:58,Linknet,Router Internal Bermasalah,0.0,0.0,0.0
11276,2026-05-24 02:55:03,Linknet,Tidak Ada Gangguan pada Jaringan,15.61,0.0,0.0
11277,2026-05-24 02:56:15,Linknet,SPEEDTEST,15.49,93.14,94.53
11278,2026-05-24 02:58:55,Linknet,Akses Internet ke Luar Terganggu,2.36,0.0,0.0
11279,2026-05-24 02:59:01,Linknet,Tidak Ada Gangguan pada Jaringan,15.6,0.0,0.0
11280,2026-05-24 03:05:30,Linknet,SPEEDTEST,13.24,95.76,102.98
11281,2026-05-24 03:10:30,Linknet,SPEEDTEST,18.23,90.62,106.67
11282,2026-05-24 03:15:32,Linknet,SPEEDTEST,17.23,95.5,105.38
11283,2026-05-24 03:20:37,Linknet,SPEEDTEST,16.34,97.7,105.62
11284,2026-05-24 03:25:40,Linknet,SPEEDTEST,16.37,7.14,8.06
11285,2026-05-24 03:30:44,Linknet,SPEEDTEST,13.16,3.79,103.05
11286,2026-05-24 03:35:45,Linknet,SPEEDTEST,12.31,101.29,17.44
11287,2026-05-24 03:40:48,Linknet,SPEEDTEST,12.42,95.35,4.6
11288,2026-05-24 03:42:53,Linknet,Router Internal Bermasalah,0.0,0.0,0.0
11289,2026-05-24 03:42:58,Linknet,Tidak Ada Gangguan pada Jaringan,15.42,0.0,0.0
11290,2026-05-24 03:45:51,Linknet,SPEEDTEST,16.6,93.6,96.68
11291,2026-05-24 03:50:54,Linknet,SPEEDTEST,19.62,97.36,105.39
11292,2026-05-24 03:55:57,Linknet,SPEEDTEST,16.48,95.38,105.66
11293,2026-05-24 04:05:42,Linknet,SPEEDTEST,20.98,95.82,111.54
11294,2026-05-24 04:10:34,Linknet,SPEEDTEST,18.27,97.43,105.88
11295,2026-05-24 04:15:36,Linknet,SPEEDTEST,16.57,96.07,106.01
11296,2026-05-24 04:20:40,Linknet,SPEEDTEST,15.36,96.93,104.64
11297,2026-05-24 04:25:31,Linknet,Router Internal Bermasalah,0.0,0.0,0.0
11298,2026-05-24 04:25:36,Linknet,Tidak Ada Gangguan pada Jaringan,15.36,0.0,0.0
11299,2026-05-24 04:26:00,Linknet,SPEEDTEST,16.37,71.59,106.45
11300,2026-05-24 04:31:00,Linknet,SPEEDTEST,16.97,78.17,1.24
11301,2026-05-24 04:36:00,Linknet,SPEEDTEST,13.69,96.52,102.12
11302,2026-05-24 04:41:02,Linknet,SPEEDTEST,18.04,94.43,9.29
11303,2026-05-24 04:46:10,Linknet,SPEEDTEST,17.19,95.09,59.61
11304,2026-05-24 04:50:19,Linknet,Gangguan ISP Gedung,6.52,0.0,0.0
11305,2026-05-24 04:50:24,Linknet,Tidak Ada Gangguan pada Jaringan,15.5,0.0,0.0
11306,2026-05-24 04:51:13,Linknet,SPEEDTEST,16.38,95.14,60.48
11307,2026-05-24 04:56:06,Linknet,SPEEDTEST,12.94,95.99,105.61
11308,2026-05-24 05:05:27,Linknet,SPEEDTEST,17.89,97.09,103.97
11309,2026-05-24 05:10:35,Linknet,SPEEDTEST,12.56,8.72,78.61
11310,2026-05-24 05:15:43,Linknet,SPEEDTEST,19.19,71.29,107.84
11311,2026-05-24 05:20:36,Linknet,SPEEDTEST,18.26,96.44,103.98
11312,2026-05-24 05:25:40,Linknet,SPEEDTEST,17.18,97.35,103.97
11313,2026-05-24 05:30:41,Linknet,SPEEDTEST,16.94,96.38,111.77
11314,2026-05-24 05:35:45,Linknet,SPEEDTEST,13.62,96.69,41.86
11315,2026-05-24 05:40:52,Linknet,SPEEDTEST,12.77,96.13,106.41
11316,2026-05-24 05:45:50,Linknet,SPEEDTEST,14.32,67.74,64.43
11317,2026-05-24 05:50:50,Linknet,SPEEDTEST,12.56,7.29,104.37
11318,2026-05-24 05:55:54,Linknet,SPEEDTEST,19.39,97.18,104.95
11319,2026-05-24 05:56:33,Linknet,Router Internal Bermasalah,0.0,0.0,0.0
11320,2026-05-24 05:56:38,Linknet,Tidak Ada Gangguan pada Jaringan,16.71,0.0,0.0
11321,2026-05-24 06:05:27,Linknet,SPEEDTEST,17.34,94.76,104.88
11322,2026-05-24 06:10:32,Linknet,SPEEDTEST,16.61,95.73,105.53
11323,2026-05-24 06:14:32,Linknet,Akses Internet ke Luar Terganggu,7.35,0.0,0.0
11324,2026-05-24 06:14:37,Linknet,Tidak Ada Gangguan pada Jaringan,15.59,0.0,0.0
11325,2026-05-24 06:15:32,Linknet,SPEEDTEST,12.72,100.69,102.56
11326,2026-05-24 06:19:17,Linknet,Akses Internet ke Luar Terganggu,6.63,0.0,0.0
11327,2026-05-24 06:19:22,Linknet,Tidak Ada Gangguan pada Jaringan,15.75,0.0,0.0
11328,2026-05-24 06:20:37,Linknet,SPEEDTEST,13.52,96.55,105.56
11329,2026-05-24 06:22:47,Linknet,Gangguan ISP Gedung,11.3,0.0,0.0
11330,2026-05-24 06:22:52,Linknet,Tidak Ada Gangguan pada Jaringan,15.43,0.0,0.0
11331,2026-05-24 06:25:44,Linknet,SPEEDTEST,17.27,97.33,17.25
11332,2026-05-24 06:26:16,Linknet,Akses Internet ke Luar Terganggu,2.29,0.0,0.0
11333,2026-05-24 06:26:21,Linknet,Tidak Ada Gangguan pada Jaringan,15.46,0.0,0.0
11334,2026-05-24 06:28:17,Linknet,Gangguan ISP Gedung,7.36,0.0,0.0
11335,2026-05-24 06:28:22,Linknet,Tidak Ada Gangguan pada Jaringan,15.39,0.0,0.0
11336,2026-05-24 06:28:54,Linknet,Akses Internet ke Luar Terganggu,2.38,0.0,0.0
11337,2026-05-24 06:28:59,Linknet,Tidak Ada Gangguan pada Jaringan,15.53,0.0,0.0
11338,2026-05-24 06:30:52,Linknet,SPEEDTEST,17.57,96.3,107.39
11339,2026-05-24 06:35:45,Linknet,SPEEDTEST,18.5,92.84,109.45
11340,2026-05-24 06:40:52,Linknet,SPEEDTEST,13.59,3.98,103.12
11341,2026-05-24 06:45:54,Linknet,SPEEDTEST,18.03,95.3,57.07
11342,2026-05-24 06:51:00,Linknet,SPEEDTEST,13.9,97.05,58.32
11343,2026-05-24 06:56:06,Linknet,SPEEDTEST,17.51,33.2,4.47
11344,2026-05-24 06:56:45,Linknet,Gangguan ISP Gedung,6.93,0.0,0.0
11345,2026-05-24 06:56:50,Linknet,Tidak Ada Gangguan pada Jaringan,15.64,0.0,0.0
11346,2026-05-24 06:59:43,Linknet,Akses Internet ke Luar Terganggu,2.47,0.0,0.0
11347,2026-05-24 06:59:48,Linknet,Tidak Ada Gangguan pada Jaringan,15.55,0.0,0.0
11348,2026-05-24 07:00:07,Linknet,Akses Internet ke Luar Terganggu,2.39,0.0,0.0
11349,2026-05-24 07:00:12,Linknet,Tidak Ada Gangguan pada Jaringan,15.54,0.0,0.0
11350,2026-05-24 07:01:37,Linknet,Akses Internet ke Luar Terganggu,7.38,0.0,0.0
11351,2026-05-24 07:01:42,Linknet,Tidak Ada Gangguan pada Jaringan,15.54,0.0,0.0
11352,2026-05-24 07:02:46,Linknet,Gangguan ISP Gedung,7.32,0.0,0.0
11353,2026-05-24 07:02:51,Linknet,Tidak Ada Gangguan pada Jaringan,16.35,0.0,0.0
11354,2026-05-24 07:05:29,Linknet,SPEEDTEST,20.77,96.37,107.54
11355,2026-05-24 07:10:31,Linknet,SPEEDTEST,12.08,98.02,104.93
11356,2026-05-24 07:14:43,Linknet,Akses Internet ke Luar Terganggu,2.26,0.0,0.0
11357,2026-05-24 07:14:48,Linknet,Tidak Ada Gangguan pada Jaringan,15.56,0.0,0.0
11358,2026-05-24 07:15:31,Linknet,SPEEDTEST,18.79,96.14,103.71
11359,2026-05-24 07:20:34,Linknet,SPEEDTEST,11.45,95.96,104.82
11360,2026-05-24 07:25:36,Linknet,SPEEDTEST,11.77,95.18,105.13
11361,2026-05-24 07:28:00,Linknet,Akses Internet ke Luar Terganggu,2.87,0.0,0.0
11362,2026-05-24 07:28:05,Linknet,Tidak Ada Gangguan pada Jaringan,15.48,0.0,0.0
11363,2026-05-24 07:30:38,Linknet,SPEEDTEST,17.14,93.66,103.27
11364,2026-05-24 07:35:49,Linknet,SPEEDTEST,15.05,62.12,61.13
11365,2026-05-24 07:40:47,Linknet,SPEEDTEST,17.51,96.41,15.8
11366,2026-05-24 07:45:49,Linknet,SPEEDTEST,19.2,94.76,106.9
11367,2026-05-24 07:47:49,Linknet,Gangguan ISP Gedung,8.89,0.0,0.0
11368,2026-05-24 07:47:54,Linknet,Tidak Ada Gangguan pada Jaringan,15.43,0.0,0.0
11369,2026-05-24 07:49:14,Linknet,Router Internal Bermasalah,0.0,0.0,0.0
11370,2026-05-24 07:49:19,Linknet,Tidak Ada Gangguan pada Jaringan,15.5,0.0,0.0
11371,2026-05-24 07:49:49,Linknet,Akses Internet ke Luar Terganggu,3.76,0.0,0.0
11372,2026-05-24 07:49:54,Linknet,Tidak Ada Gangguan pada Jaringan,17.13,0.0,0.0
11373,2026-05-24 07:50:51,Linknet,SPEEDTEST,18.31,96.49,105.62
11374,2026-05-24 07:54:30,Linknet,Akses Internet ke Luar Terganggu,2.37,0.0,0.0
11375,2026-05-24 07:54:38,Linknet,Tidak Ada Gangguan pada Jaringan,19.9,0.0,0.0
11376,2026-05-24 07:55:53,Linknet,SPEEDTEST,21.33,85.63,106.94
11377,2026-05-24 07:56:13,Linknet,Akses Internet ke Luar Terganggu,2.42,0.0,0.0
11378,2026-05-24 07:56:18,Linknet,Tidak Ada Gangguan pada Jaringan,20.39,0.0,0.0
11379,2026-05-24 08:01:44,Linknet,Akses Internet ke Luar Terganggu,7.24,0.0,0.0
11380,2026-05-24 08:01:49,Linknet,Tidak Ada Gangguan pada Jaringan,15.6,0.0,0.0
11381,2026-05-24 08:02:29,Linknet,Akses Internet ke Luar Terganggu,2.31,0.0,0.0
11382,2026-05-24 08:02:34,Linknet,Tidak Ada Gangguan pada Jaringan,15.52,0.0,0.0
11383,2026-05-24 08:05:35,Linknet,SPEEDTEST,20.13,30.64,107.81
11384,2026-05-24 08:10:33,Linknet,SPEEDTEST,11.86,95.95,102.96
11385,2026-05-24 08:15:33,Linknet,SPEEDTEST,15.57,95.86,102.84
11386,2026-05-24 08:20:41,Linknet,SPEEDTEST,15.18,98.33,60.79
11387,2026-05-24 08:25:36,Linknet,SPEEDTEST,25.68,85.09,105.5
11388,2026-05-24 08:30:47,Linknet,SPEEDTEST,181.68,58.46,64.37
11389,2026-05-24 08:35:40,Linknet,SPEEDTEST,15.56,95.16,105.29
11390,2026-05-24 08:37:18,Linknet,Router Internal Bermasalah,0.0,0.0,0.0
11391,2026-05-24 08:37:23,Linknet,Tidak Ada Gangguan pada Jaringan,15.41,0.0,0.0
11392,2026-05-24 08:40:43,Linknet,SPEEDTEST,28.16,84.29,105.98
11393,2026-05-24 08:42:43,Linknet,Router Internal Bermasalah,0.0,0.0,0.0
11394,2026-05-24 08:42:48,Linknet,Tidak Ada Gangguan pada Jaringan,15.49,0.0,0.0
11395,2026-05-24 08:45:47,Linknet,SPEEDTEST,17.74,97.08,108.39
11396,2026-05-24 08:48:05,Linknet,Router Internal Bermasalah,0.0,0.0,0.0
11397,2026-05-24 08:48:10,Linknet,Tidak Ada Gangguan pada Jaringan,16.58,0.0,0.0
11398,2026-05-24 08:50:48,Linknet,SPEEDTEST,25.06,85.34,106.71
11399,2026-05-24 08:54:05,Linknet,Akses Internet ke Luar Terganggu,2.46,0.0,0.0
11400,2026-05-24 08:54:10,Linknet,Tidak Ada Gangguan pada Jaringan,15.82,0.0,0.0
11401,2026-05-24 08:55:53,Linknet,SPEEDTEST,25.46,85.46,104.01
11402,2026-05-24 09:04:10,Linknet,Akses Internet ke Luar Terganggu,2.42,0.0,0.0
11403,2026-05-24 09:04:16,Linknet,Tidak Ada Gangguan pada Jaringan,16.55,0.0,0.0
11404,2026-05-24 09:05:30,Linknet,SPEEDTEST,17.91,3.98,107.27
11405,2026-05-24 09:10:32,Linknet,SPEEDTEST,15.71,94.18,103.95
11406,2026-05-24 09:15:36,Linknet,SPEEDTEST,18.43,96.46,107.09
11407,2026-05-24 09:20:36,Linknet,SPEEDTEST,14.91,93.15,105.63
11408,2026-05-24 09:25:45,Linknet,SPEEDTEST,18.09,93.52,107.87
11409,2026-05-24 09:30:45,Linknet,SPEEDTEST,16.68,95.68,77.94
11410,2026-05-24 09:35:45,Linknet,SPEEDTEST,14.67,97.48,15.31
11411,2026-05-24 09:36:09,Linknet,Router Internal Bermasalah,0.0,0.0,0.0
11412,2026-05-24 09:36:14,Linknet,Tidak Ada Gangguan pada Jaringan,15.46,0.0,0.0
11413,2026-05-24 09:40:54,Linknet,SPEEDTEST,15.62,58.76,103.77
11414,2026-05-24 09:45:49,Linknet,SPEEDTEST,15.78,93.8,103.35
11415,2026-05-24 09:50:51,Linknet,SPEEDTEST,11.55,10.3,105.03
11416,2026-05-24 09:55:56,Linknet,SPEEDTEST,14.91,21.55,105.41
11417,2026-05-24 10:05:28,Linknet,SPEEDTEST,11.87,4.35,103.72
11418,2026-05-24 10:10:30,Linknet,SPEEDTEST,13.82,99.34,105.77
11419,2026-05-24 10:15:33,Linknet,SPEEDTEST,19.83,95.86,105.55
11420,2026-05-24 10:20:34,Linknet,SPEEDTEST,17.87,96.83,106.17
11421,2026-05-24 10:25:34,Linknet,SPEEDTEST,17.69,96.08,106.75
11422,2026-05-24 10:30:40,Linknet,SPEEDTEST,19.95,97.5,103.69
11423,2026-05-24 10:35:44,Linknet,SPEEDTEST,14.6,96.89,106.36
11424,2026-05-24 10:40:50,Linknet,SPEEDTEST,13.61,98.51,107.41
11425,2026-05-24 10:46:14,Linknet,SPEEDTEST,14.5,96.65,106.15
11426,2026-05-24 10:50:59,Linknet,SPEEDTEST,17.0,97.73,94.15
11427,2026-05-24 10:56:02,Linknet,SPEEDTEST,14.01,60.92,107.03
11428,2026-05-24 11:05:33,Linknet,SPEEDTEST,13.11,97.55,12.69
11429,2026-05-24 11:10:38,Linknet,SPEEDTEST,13.34,97.82,107.76
11430,2026-05-24 11:15:38,Linknet,SPEEDTEST,18.23,96.57,107.16
11431,2026-05-24 11:20:39,Linknet,SPEEDTEST,25.25,96.9,103.92
11432,2026-05-24 11:25:41,Linknet,SPEEDTEST,18.95,98.12,106.79
11433,2026-05-24 11:30:46,Linknet,SPEEDTEST,14.4,95.4,107.11
11434,2026-05-24 11:35:51,Linknet,SPEEDTEST,14.86,43.28,107.88
11435,2026-05-24 11:39:17,Linknet,Router Internal Bermasalah,0.0,0.0,0.0
11436,2026-05-24 11:39:22,Linknet,Tidak Ada Gangguan pada Jaringan,16.68,0.0,0.0
11437,2026-05-24 11:40:55,Linknet,SPEEDTEST,16.14,100.95,106.98
11438,2026-05-24 11:45:57,Linknet,SPEEDTEST,19.35,94.4,107.64
11439,2026-05-24 11:49:53,Linknet,Router Internal Bermasalah,0.0,0.0,0.0
11440,2026-05-24 11:49:58,Linknet,Tidak Ada Gangguan pada Jaringan,15.86,0.0,0.0
11441,2026-05-24 11:51:05,Linknet,SPEEDTEST,14.68,24.23,56.18
11442,2026-05-24 11:56:06,Linknet,SPEEDTEST,13.43,81.67,107.0
11443,2026-05-24 12:05:28,Linknet,SPEEDTEST,18.13,98.42,106.51
11444,2026-05-24 12:10:29,Linknet,SPEEDTEST,17.28,30.34,5.42
11445,2026-05-24 12:15:31,Linknet,SPEEDTEST,17.0,96.89,14.53
11446,2026-05-24 12:20:34,Linknet,SPEEDTEST,16.45,95.07,76.77
11447,2026-05-24 12:25:35,Linknet,SPEEDTEST,13.22,95.36,107.42
11448,2026-05-24 12:30:37,Linknet,SPEEDTEST,16.54,96.44,107.05
11449,2026-05-24 12:35:40,Linknet,SPEEDTEST,19.82,94.94,107.0
11450,2026-05-24 12:40:43,Linknet,SPEEDTEST,13.8,96.93,106.33
11451,2026-05-24 12:45:46,Linknet,SPEEDTEST,13.82,96.91,106.38
11452,2026-05-24 12:50:50,Linknet,SPEEDTEST,14.53,95.48,17.52
11453,2026-05-24 12:53:41,Linknet,Router Internal Bermasalah,0.0,0.0,0.0
11454,2026-05-24 12:53:46,Linknet,Tidak Ada Gangguan pada Jaringan,15.67,0.0,0.0
11455,2026-05-24 12:55:54,Linknet,SPEEDTEST,18.11,95.57,7.85
11456,2026-05-24 13:05:29,Linknet,SPEEDTEST,18.34,52.96,106.37
11457,2026-05-24 13:09:42,Linknet,Router Internal Bermasalah,0.0,0.0,0.0
11458,2026-05-24 13:09:54,Linknet,Tidak Ada Gangguan pada Jaringan,20.38,0.0,0.0
11459,2026-05-24 13:10:31,Linknet,SPEEDTEST,14.53,88.07,106.07
11460,2026-05-24 13:15:34,Linknet,SPEEDTEST,15.42,93.95,105.69
11461,2026-05-24 13:20:36,Linknet,SPEEDTEST,15.66,70.64,1.21
11462,2026-05-24 13:25:41,Linknet,SPEEDTEST,14.93,94.75,102.33
11463,2026-05-24 13:30:45,Linknet,SPEEDTEST,19.91,92.7,102.64
11464,2026-05-24 13:35:47,Linknet,SPEEDTEST,15.25,96.94,104.44
11465,2026-05-24 13:40:53,Linknet,SPEEDTEST,15.82,93.53,103.25
11466,2026-05-24 13:45:52,Linknet,SPEEDTEST,11.51,94.41,105.73
11467,2026-05-24 13:50:52,Linknet,SPEEDTEST,14.76,99.56,106.69
11468,2026-05-24 13:52:37,Linknet,Router Internal Bermasalah,0.0,0.0,0.0
11469,2026-05-24 13:52:42,Linknet,Tidak Ada Gangguan pada Jaringan,15.83,0.0,0.0
11470,2026-05-24 13:55:53,Linknet,SPEEDTEST,16.92,99.47,104.61
11471,2026-05-24 14:05:30,Linknet,SPEEDTEST,14.99,99.52,104.07
11472,2026-05-24 14:10:36,Linknet,SPEEDTEST,19.76,93.06,104.57
11473,2026-05-24 14:15:45,Linknet,SPEEDTEST,13.36,58.15,103.51
11474,2026-05-24 14:20:39,Linknet,SPEEDTEST,17.48,92.66,104.48
11475,2026-05-24 14:25:41,Linknet,SPEEDTEST,14.84,98.33,106.9
11476,2026-05-24 14:30:46,Linknet,SPEEDTEST,15.45,100.17,105.03
11477,2026-05-24 14:35:53,Linknet,SPEEDTEST,16.09,91.27,103.66
11478,2026-05-24 14:41:03,Linknet,SPEEDTEST,18.82,61.14,104.38
11479,2026-05-24 14:46:01,Linknet,SPEEDTEST,17.14,99.4,96.65
11480,2026-05-24 14:51:14,Linknet,SPEEDTEST,15.65,93.51,103.74
11481,2026-05-24 14:56:08,Linknet,SPEEDTEST,12.84,96.72,103.77
11482,2026-05-24 15:05:34,Linknet,SPEEDTEST,14.48,92.18,62.26
11483,2026-05-24 15:07:03,Linknet,Akses Internet ke Luar Terganggu,2.59,0.0,0.0
11484,2026-05-24 15:07:08,Linknet,Tidak Ada Gangguan pada Jaringan,15.71,0.0,0.0
11485,2026-05-24 15:07:28,Linknet,Akses Internet ke Luar Terganggu,2.4,0.0,0.0
11486,2026-05-24 15:07:33,Linknet,Tidak Ada Gangguan pada Jaringan,15.74,0.0,0.0
11487,2026-05-24 15:10:35,Linknet,SPEEDTEST,16.47,89.71,64.14
11488,2026-05-24 15:15:33,Linknet,SPEEDTEST,16.53,89.73,105.74
11489,2026-05-24 15:18:37,Linknet,Akses Internet ke Luar Terganggu,2.41,0.0,0.0
11490,2026-05-24 15:18:42,Linknet,Tidak Ada Gangguan pada Jaringan,16.7,0.0,0.0
11491,2026-05-24 15:20:33,Linknet,SPEEDTEST,18.55,93.14,105.72
11492,2026-05-24 15:25:35,Linknet,SPEEDTEST,16.46,89.41,105.89
11493,2026-05-24 15:30:50,Linknet,SPEEDTEST,20.52,95.57,104.53
11494,2026-05-24 15:35:43,Linknet,SPEEDTEST,17.13,96.15,104.42
11495,2026-05-24 15:40:45,Linknet,SPEEDTEST,15.12,96.45,105.84
11496,2026-05-24 15:45:50,Linknet,SPEEDTEST,20.32,19.96,105.72
11497,2026-05-24 15:50:53,Linknet,SPEEDTEST,15.61,99.64,104.83
11498,2026-05-24 15:55:55,Linknet,SPEEDTEST,15.42,87.79,105.65
11499,2026-05-24 16:05:26,Linknet,SPEEDTEST,15.22,96.61,105.1
11500,2026-05-24 16:10:27,Linknet,SPEEDTEST,19.63,89.67,105.28
11501,2026-05-24 16:15:31,Linknet,SPEEDTEST,13.87,90.71,106.02
11502,2026-05-24 16:20:33,Linknet,SPEEDTEST,18.13,91.48,105.1
11503,2026-05-24 16:25:38,Linknet,SPEEDTEST,14.79,91.88,104.03
11504,2026-05-24 16:30:40,Linknet,SPEEDTEST,12.77,90.31,105.74
11505,2026-05-24 16:35:41,Linknet,SPEEDTEST,12.09,30.39,105.7
11506,2026-05-24 16:40:46,Linknet,SPEEDTEST,17.47,28.81,5.65
11507,2026-05-24 16:45:46,Linknet,SPEEDTEST,16.38,89.35,106.83
11508,2026-05-24 16:50:51,Linknet,SPEEDTEST,14.2,90.0,106.28
11509,2026-05-24 16:55:51,Linknet,SPEEDTEST,16.19,90.26,104.88
11510,2026-05-24 17:05:34,Linknet,SPEEDTEST,15.46,96.79,107.07
11511,2026-05-24 17:10:40,Linknet,SPEEDTEST,19.59,66.78,7.28
11512,2026-05-24 17:15:46,Linknet,SPEEDTEST,21.08,91.25,16.68
11513,2026-05-24 17:20:40,Linknet,SPEEDTEST,16.17,90.85,90.43
11514,2026-05-24 17:25:46,Linknet,SPEEDTEST,13.78,91.71,8.47
11515,2026-05-24 17:30:48,Linknet,SPEEDTEST,17.08,95.82,106.28
11516,2026-05-24 17:31:22,Linknet,Router Internal Bermasalah,0.0,0.0,0.0
11517,2026-05-24 17:31:27,Linknet,Tidak Ada Gangguan pada Jaringan,15.71,0.0,0.0
11518,2026-05-24 17:35:51,Linknet,SPEEDTEST,16.39,90.87,106.75
11519,2026-05-24 17:40:58,Linknet,SPEEDTEST,21.32,90.91,105.43
11520,2026-05-24 17:46:02,Linknet,SPEEDTEST,16.12,7.14,105.68
11521,2026-05-24 17:51:05,Linknet,SPEEDTEST,15.86,90.3,105.91
11522,2026-05-24 17:56:07,Linknet,SPEEDTEST,15.7,96.44,105.75
11523,2026-05-24 18:05:40,Linknet,SPEEDTEST,12.87,92.12,65.21
11524,2026-05-24 18:10:28,Linknet,SPEEDTEST,15.62,91.46,106.09
11525,2026-05-24 18:15:30,Linknet,SPEEDTEST,20.18,91.1,2.92
11526,2026-05-24 18:20:33,Linknet,SPEEDTEST,18.75,91.42,16.81
11527,2026-05-24 18:25:37,Linknet,SPEEDTEST,18.5,9.25,10.95
11528,2026-05-24 18:30:38,Linknet,SPEEDTEST,16.1,1.6,104.23
11529,2026-05-24 18:35:50,Linknet,SPEEDTEST,18.24,51.71,8.18
11530,2026-05-24 18:40:47,Linknet,SPEEDTEST,15.93,86.18,3.34
11531,2026-05-24 18:45:50,Linknet,SPEEDTEST,21.08,93.88,99.24
11532,2026-05-24 18:50:54,Linknet,SPEEDTEST,12.61,36.52,2.92
11533,2026-05-24 18:55:54,Linknet,SPEEDTEST,16.61,91.02,105.14
11534,2026-05-24 19:05:33,Linknet,SPEEDTEST,15.69,96.91,105.54
11535,2026-05-24 19:10:33,Linknet,SPEEDTEST,12.43,97.21,103.56
11536,2026-05-24 19:15:34,Linknet,SPEEDTEST,12.54,97.69,104.64
11537,2026-05-24 19:20:38,Linknet,SPEEDTEST,15.99,97.32,108.49
11538,2026-05-24 19:25:41,Linknet,SPEEDTEST,11.55,97.62,105.74
11539,2026-05-24 19:30:42,Linknet,SPEEDTEST,14.57,100.62,106.12
11540,2026-05-24 19:35:45,Linknet,SPEEDTEST,16.18,97.53,105.2
11541,2026-05-24 19:39:35,Linknet,Akses Internet ke Luar Terganggu,6.71,0.0,0.0
11542,2026-05-24 19:39:40,Linknet,Tidak Ada Gangguan pada Jaringan,15.67,0.0,0.0
11543,2026-05-24 19:40:47,Linknet,SPEEDTEST,15.41,96.31,105.2
11544,2026-05-24 19:45:50,Linknet,SPEEDTEST,11.77,96.84,104.24
11545,2026-05-24 19:50:50,Linknet,SPEEDTEST,11.63,97.52,104.92
11546,2026-05-24 19:55:56,Linknet,SPEEDTEST,16.18,96.83,105.83
11547,2026-05-24 20:05:29,Linknet,SPEEDTEST,15.57,97.94,105.11
11548,2026-05-24 20:10:32,Linknet,SPEEDTEST,15.14,97.68,105.89
11549,2026-05-24 20:15:34,Linknet,SPEEDTEST,11.44,97.33,103.59
11550,2026-05-24 20:20:36,Linknet,SPEEDTEST,17.37,97.3,105.1
11551,2026-05-24 20:25:42,Linknet,SPEEDTEST,18.24,98.15,47.5
11552,2026-05-24 20:30:39,Linknet,SPEEDTEST,12.21,96.52,5.43
11553,2026-05-24 20:35:44,Linknet,SPEEDTEST,13.5,96.82,108.54
11554,2026-05-24 20:38:14,Linknet,Router Internal Bermasalah,0.0,0.0,0.0
11555,2026-05-24 20:38:19,Linknet,Tidak Ada Gangguan pada Jaringan,15.69,0.0,0.0
11556,2026-05-24 20:40:47,Linknet,SPEEDTEST,12.02,98.46,104.97
11557,2026-05-24 20:45:51,Linknet,SPEEDTEST,16.7,96.52,105.02
11558,2026-05-24 20:50:55,Linknet,SPEEDTEST,11.99,97.0,105.64
11559,2026-05-24 20:56:02,Linknet,SPEEDTEST,16.02,98.42,71.73
11560,2026-05-24 21:05:32,Linknet,SPEEDTEST,15.08,97.4,104.17
11561,2026-05-24 21:10:42,Linknet,SPEEDTEST,15.78,98.12,105.89
11562,2026-05-24 21:15:53,Linknet,SPEEDTEST,11.37,58.5,15.06
11563,2026-05-24 21:20:47,Linknet,SPEEDTEST,13.19,96.47,106.01
11564,2026-05-24 21:25:49,Linknet,SPEEDTEST,12.35,1.79,14.39
11565,2026-05-24 21:30:51,Linknet,SPEEDTEST,12.0,98.18,104.82
11566,2026-05-24 21:35:55,Linknet,SPEEDTEST,16.17,102.44,105.9
11567,2026-05-24 21:41:00,Linknet,SPEEDTEST,12.9,97.52,105.59
11568,2026-05-24 21:46:02,Linknet,SPEEDTEST,13.22,93.64,107.8
11569,2026-05-24 21:51:07,Linknet,SPEEDTEST,14.99,98.33,7.5
11570,2026-05-24 21:56:08,Linknet,SPEEDTEST,13.29,94.04,107.57
11571,2026-05-24 21:58:12,Linknet,Router Internal Bermasalah,0.0,0.0,0.0
11572,2026-05-24 21:58:18,Linknet,Tidak Ada Gangguan pada Jaringan,18.79,0.0,0.0
11573,2026-05-24 22:05:30,Linknet,SPEEDTEST,15.59,96.76,6.49
11574,2026-05-24 22:10:33,Linknet,SPEEDTEST,12.47,76.94,104.77
11575,2026-05-24 22:14:09,Linknet,Router Internal Bermasalah,0.0,0.0,0.0
11576,2026-05-24 22:14:14,Linknet,Tidak Ada Gangguan pada Jaringan,17.03,0.0,0.0
11577,2026-05-24 22:15:37,Linknet,SPEEDTEST,17.05,69.86,105.06
11578,2026-05-24 22:20:37,Linknet,SPEEDTEST,17.04,76.31,21.22
11579,2026-05-24 22:25:34,Linknet,SPEEDTEST,17.12,100.87,53.72
11580,2026-05-24 22:30:39,Linknet,SPEEDTEST,18.33,97.89,99.35
11581,2026-05-24 22:35:43,Linknet,SPEEDTEST,16.63,101.84,52.8
11582,2026-05-24 22:40:41,Linknet,SPEEDTEST,12.93,98.57,78.52
11583,2026-05-24 22:46:28,Linknet,SPEEDTEST,14.91,69.28,107.23
11584,2026-05-24 22:50:48,Linknet,SPEEDTEST,13.72,93.04,106.28
11585,2026-05-24 22:55:52,Linknet,SPEEDTEST,14.52,96.8,106.71
11586,2026-05-24 23:05:32,Linknet,SPEEDTEST,15.41,99.04,41.34
11587,2026-05-24 23:10:35,Linknet,SPEEDTEST,15.13,93.14,106.71
11588,2026-05-24 23:15:34,Linknet,SPEEDTEST,16.98,88.59,55.97
11589,2026-05-24 23:20:41,Linknet,SPEEDTEST,13.83,72.73,106.58
11590,2026-05-24 23:25:38,Linknet,SPEEDTEST,17.06,98.45,104.07
11591,2026-05-24 23:30:40,Linknet,SPEEDTEST,12.12,97.91,54.78
11592,2026-05-24 23:35:47,Linknet,SPEEDTEST,14.11,70.49,106.62
11593,2026-05-24 23:40:49,Linknet,SPEEDTEST,14.48,69.75,105.59
11594,2026-05-24 23:45:47,Linknet,SPEEDTEST,15.72,95.89,99.01
11595,2026-05-24 23:50:49,Linknet,SPEEDTEST,13.65,87.04,53.23
11596,2026-05-24 23:55:55,Linknet,SPEEDTEST,15.1,99.84,102.58
11597,2026-05-25 00:05:29,Linknet,SPEEDTEST,12.85,10.32,106.69
11598,2026-05-25 00:10:32,Linknet,SPEEDTEST,13.97,77.36,105.83
11599,2026-05-25 00:11:32,Linknet,Router Internal Bermasalah,0.0,0.0,0.0
11600,2026-05-25 00:11:37,Linknet,Tidak Ada Gangguan pada Jaringan,15.93,0.0,0.0
11601,2026-05-25 00:15:37,Linknet,SPEEDTEST,15.8,75.36,100.88
11602,2026-05-25 00:20:34,Linknet,SPEEDTEST,20.82,99.95,103.5
11603,2026-05-25 00:25:37,Linknet,SPEEDTEST,21.8,99.57,106.02
11604,2026-05-25 00:30:44,Linknet,SPEEDTEST,14.76,74.44,106.63
11605,2026-05-25 00:35:42,Linknet,SPEEDTEST,12.09,87.84,3.13
11606,2026-05-25 00:40:45,Linknet,SPEEDTEST,15.45,91.67,57.72
11607,2026-05-25 00:45:46,Linknet,SPEEDTEST,16.5,103.05,52.16
11608,2026-05-25 00:50:55,Linknet,SPEEDTEST,13.48,70.35,106.41
11609,2026-05-25 00:55:58,Linknet,SPEEDTEST,16.39,68.46,49.18
11610,2026-05-25 01:05:33,Linknet,SPEEDTEST,13.86,70.75,104.77
11611,2026-05-25 01:10:32,Linknet,SPEEDTEST,20.69,97.7,101.8
11612,2026-05-25 01:15:13,Linknet,Router Internal Bermasalah,0.0,0.0,0.0
11613,2026-05-25 01:15:18,Linknet,Tidak Ada Gangguan pada Jaringan,15.52,0.0,0.0
11614,2026-05-25 01:15:43,Linknet,SPEEDTEST,17.08,97.36,104.28
11615,2026-05-25 01:20:49,Linknet,SPEEDTEST,19.37,92.77,104.58
11616,2026-05-25 01:25:54,Linknet,SPEEDTEST,20.39,93.56,63.5
11617,2026-05-25 01:30:56,Linknet,SPEEDTEST,17.72,99.75,32.48
11618,2026-05-25 01:35:55,Linknet,SPEEDTEST,15.76,96.67,103.83
11619,2026-05-25 01:40:58,Linknet,SPEEDTEST,18.69,101.0,98.16
11620,2026-05-25 01:46:03,Linknet,SPEEDTEST,21.29,96.26,104.17
11621,2026-05-25 01:51:09,Linknet,SPEEDTEST,20.8,98.38,104.3
11622,2026-05-25 01:56:07,Linknet,SPEEDTEST,17.72,101.72,102.71
11623,2026-05-25 02:05:35,Linknet,SPEEDTEST,16.16,97.88,103.53
11624,2026-05-25 02:10:42,Linknet,SPEEDTEST,16.17,97.78,58.27
11625,2026-05-25 02:15:41,Linknet,SPEEDTEST,19.9,97.17,99.02
11626,2026-05-25 02:20:44,Linknet,SPEEDTEST,19.92,97.61,98.8
11627,2026-05-25 02:25:49,Linknet,SPEEDTEST,17.86,98.99,12.2
11628,2026-05-25 02:30:49,Linknet,SPEEDTEST,19.27,101.94,97.16
11629,2026-05-25 02:35:55,Linknet,SPEEDTEST,15.38,97.85,103.74
11630,2026-05-25 02:41:01,Linknet,SPEEDTEST,17.04,97.42,103.94
11631,2026-05-25 02:46:04,Linknet,SPEEDTEST,21.38,70.43,101.81
11632,2026-05-25 02:51:07,Linknet,SPEEDTEST,16.59,96.9,76.13
11633,2026-05-25 02:56:07,Linknet,SPEEDTEST,20.11,97.27,97.98
11634,2026-05-25 02:57:01,Linknet,Akses Internet ke Luar Terganggu,2.28,0.0,0.0
11635,2026-05-25 02:57:06,Linknet,Tidak Ada Gangguan pada Jaringan,17.13,0.0,0.0
11636,2026-05-25 02:57:44,Linknet,Akses Internet ke Luar Terganggu,2.38,0.0,0.0
11637,2026-05-25 02:57:49,Linknet,Tidak Ada Gangguan pada Jaringan,15.49,0.0,0.0
11638,2026-05-25 02:58:38,Linknet,Gangguan ISP Gedung,7.4,0.0,0.0
11639,2026-05-25 02:58:43,Linknet,Tidak Ada Gangguan pada Jaringan,17.03,0.0,0.0
11640,2026-05-25 03:00:47,Linknet,Gangguan ISP Gedung,8.15,0.0,0.0
11641,2026-05-25 03:00:52,Linknet,Tidak Ada Gangguan pada Jaringan,15.54,0.0,0.0
11642,2026-05-25 03:01:35,Linknet,Akses Internet ke Luar Terganggu,2.29,0.0,0.0
11643,2026-05-25 03:01:40,Linknet,Tidak Ada Gangguan pada Jaringan,16.59,0.0,0.0
11644,2026-05-25 03:02:42,Linknet,Akses Internet ke Luar Terganggu,2.45,0.0,0.0
11645,2026-05-25 03:02:47,Linknet,Tidak Ada Gangguan pada Jaringan,15.54,0.0,0.0
11646,2026-05-25 03:03:18,Linknet,Akses Internet ke Luar Terganggu,7.91,0.0,0.0
11647,2026-05-25 03:03:23,Linknet,Tidak Ada Gangguan pada Jaringan,15.38,0.0,0.0
11648,2026-05-25 03:04:27,Linknet,Gangguan ISP Gedung,7.15,0.0,0.0
11649,2026-05-25 03:04:32,Linknet,Tidak Ada Gangguan pada Jaringan,15.54,0.0,0.0
11650,2026-05-25 03:05:32,Linknet,SPEEDTEST,21.0,97.81,100.93
11651,2026-05-25 03:07:15,Linknet,Router Internal Bermasalah,0.0,0.0,0.0
11652,2026-05-25 03:07:20,Linknet,Tidak Ada Gangguan pada Jaringan,15.42,0.0,0.0
11653,2026-05-25 03:07:39,Linknet,Akses Internet ke Luar Terganggu,2.41,0.0,0.0
11654,2026-05-25 03:07:44,Linknet,Tidak Ada Gangguan pada Jaringan,16.0,0.0,0.0
11655,2026-05-25 03:10:29,Linknet,SPEEDTEST,22.14,99.15,106.52
11656,2026-05-25 03:11:54,Linknet,Gangguan ISP Gedung,6.16,0.0,0.0
11657,2026-05-25 03:11:59,Linknet,Tidak Ada Gangguan pada Jaringan,15.48,0.0,0.0
11658,2026-05-25 03:12:36,Linknet,Router Internal Bermasalah,0.0,0.0,0.0
11659,2026-05-25 03:12:41,Linknet,Tidak Ada Gangguan pada Jaringan,15.71,0.0,0.0
11660,2026-05-25 03:15:31,Linknet,SPEEDTEST,18.44,99.7,103.82
11661,2026-05-25 03:20:32,Linknet,SPEEDTEST,20.71,98.13,6.87
11662,2026-05-25 03:25:49,Linknet,SPEEDTEST,19.78,96.31,102.7
11663,2026-05-25 03:30:47,Linknet,SPEEDTEST,19.96,54.46,94.42
11664,2026-05-25 03:35:43,Linknet,SPEEDTEST,18.39,100.32,102.43
11665,2026-05-25 03:40:48,Linknet,SPEEDTEST,20.53,96.87,103.02
11666,2026-05-25 03:45:47,Linknet,SPEEDTEST,17.27,99.52,104.83
11667,2026-05-25 03:50:53,Linknet,SPEEDTEST,20.73,2.2,101.34
11668,2026-05-25 03:55:53,Linknet,SPEEDTEST,21.35,97.27,102.54
11669,2026-05-25 04:00:35,Linknet,Router Internal Bermasalah,0.0,0.0,0.0
11670,2026-05-25 04:00:40,Linknet,Tidak Ada Gangguan pada Jaringan,15.52,0.0,0.0
11671,2026-05-25 04:05:29,Linknet,SPEEDTEST,22.81,97.31,104.19
11672,2026-05-25 04:10:29,Linknet,SPEEDTEST,15.33,95.39,106.75
11673,2026-05-25 04:15:31,Linknet,SPEEDTEST,17.32,94.35,108.1
11674,2026-05-25 04:20:36,Linknet,SPEEDTEST,16.31,95.86,105.92
11675,2026-05-25 04:25:33,Linknet,SPEEDTEST,15.71,98.13,105.22
11676,2026-05-25 04:30:37,Linknet,SPEEDTEST,13.63,79.26,94.98
11677,2026-05-25 04:32:27,Linknet,Router Internal Bermasalah,0.0,0.0,0.0
11678,2026-05-25 04:32:32,Linknet,Tidak Ada Gangguan pada Jaringan,15.52,0.0,0.0
11679,2026-05-25 04:35:41,Linknet,SPEEDTEST,14.53,96.26,102.67
11680,2026-05-25 04:40:44,Linknet,SPEEDTEST,16.18,95.31,107.28
11681,2026-05-25 04:45:50,Linknet,SPEEDTEST,15.4,95.66,18.25
11682,2026-05-25 04:50:50,Linknet,SPEEDTEST,15.41,96.83,104.01
11683,2026-05-25 04:55:57,Linknet,SPEEDTEST,16.86,96.52,106.65
11684,2026-05-25 05:05:28,Linknet,SPEEDTEST,18.41,94.11,107.01
11685,2026-05-25 05:10:28,Linknet,SPEEDTEST,16.5,94.88,106.54
11686,2026-05-25 05:15:15,Linknet,Router Internal Bermasalah,0.0,0.0,0.0
11687,2026-05-25 05:15:20,Linknet,Tidak Ada Gangguan pada Jaringan,15.58,0.0,0.0
11688,2026-05-25 05:15:42,Linknet,SPEEDTEST,15.86,95.47,105.77
11689,2026-05-25 05:20:47,Linknet,SPEEDTEST,15.41,24.05,107.28
11690,2026-05-25 05:25:47,Linknet,SPEEDTEST,13.6,95.47,99.16
11691,2026-05-25 05:30:49,Linknet,SPEEDTEST,12.01,91.77,94.51
11692,2026-05-25 05:31:18,Linknet,Router Internal Bermasalah,0.0,0.0,0.0
11693,2026-05-25 05:31:23,Linknet,Tidak Ada Gangguan pada Jaringan,15.54,0.0,0.0
11694,2026-05-25 05:35:52,Linknet,SPEEDTEST,15.29,99.03,104.85
11695,2026-05-25 05:40:56,Linknet,SPEEDTEST,17.77,96.12,106.68
11696,2026-05-25 05:45:58,Linknet,SPEEDTEST,14.15,90.95,70.26
11697,2026-05-25 05:51:01,Linknet,SPEEDTEST,18.33,96.18,106.64
11698,2026-05-25 05:56:04,Linknet,SPEEDTEST,15.01,97.46,105.89
11699,2026-05-25 06:01:00,Linknet,Akses Internet ke Luar Terganggu,2.49,0.0,0.0
11700,2026-05-25 06:01:05,Linknet,Tidak Ada Gangguan pada Jaringan,15.65,0.0,0.0
11701,2026-05-25 06:01:38,Linknet,Akses Internet ke Luar Terganggu,7.3,0.0,0.0
11702,2026-05-25 06:01:43,Linknet,Tidak Ada Gangguan pada Jaringan,15.67,0.0,0.0
11703,2026-05-25 06:02:50,Linknet,Akses Internet ke Luar Terganggu,2.69,0.0,0.0
11704,2026-05-25 06:02:55,Linknet,Tidak Ada Gangguan pada Jaringan,15.69,0.0,0.0
11705,2026-05-25 06:05:36,Linknet,SPEEDTEST,18.67,94.67,57.62
11706,2026-05-25 06:10:29,Linknet,SPEEDTEST,18.66,94.41,108.51
11707,2026-05-25 06:15:32,Linknet,SPEEDTEST,14.25,94.62,54.08
11708,2026-05-25 06:20:33,Linknet,SPEEDTEST,15.48,98.87,10.53
11709,2026-05-25 06:25:33,Linknet,SPEEDTEST,15.98,97.81,103.96
11710,2026-05-25 06:30:37,Linknet,SPEEDTEST,17.34,95.23,106.45
11711,2026-05-25 06:35:44,Linknet,SPEEDTEST,19.26,21.62,106.96
11712,2026-05-25 06:40:40,Linknet,SPEEDTEST,15.06,96.55,47.19
11713,2026-05-25 06:45:52,Linknet,SPEEDTEST,16.42,94.04,64.29
11714,2026-05-25 06:50:44,Linknet,SPEEDTEST,15.98,97.74,104.97
11715,2026-05-25 06:55:46,Linknet,SPEEDTEST,13.91,87.08,95.23
11716,2026-05-25 07:05:37,Linknet,SPEEDTEST,23.86,98.6,103.9
11717,2026-05-25 07:09:31,Linknet,Akses Internet ke Luar Terganggu,2.32,0.0,0.0
11718,2026-05-25 07:09:36,Linknet,Tidak Ada Gangguan pada Jaringan,15.51,0.0,0.0
11719,2026-05-25 07:09:55,Linknet,Akses Internet ke Luar Terganggu,2.39,0.0,0.0
11720,2026-05-25 07:10:00,Linknet,Tidak Ada Gangguan pada Jaringan,15.82,0.0,0.0
11721,2026-05-25 07:10:34,Linknet,SPEEDTEST,16.79,64.36,106.19
11722,2026-05-25 07:10:48,Linknet,Akses Internet ke Luar Terganggu,2.36,0.0,0.0
11723,2026-05-25 07:10:53,Linknet,Tidak Ada Gangguan pada Jaringan,15.42,0.0,0.0
11724,2026-05-25 07:15:35,Linknet,SPEEDTEST,16.07,89.77,106.61
11725,2026-05-25 07:16:24,Linknet,Akses Internet ke Luar Terganggu,2.3,0.0,0.0
11726,2026-05-25 07:16:29,Linknet,Tidak Ada Gangguan pada Jaringan,15.62,0.0,0.0
11727,2026-05-25 07:16:53,Linknet,Gangguan ISP Gedung,6.24,0.0,0.0
11728,2026-05-25 07:16:58,Linknet,Tidak Ada Gangguan pada Jaringan,15.49,0.0,0.0
11729,2026-05-25 07:17:36,Linknet,Akses Internet ke Luar Terganggu,2.74,0.0,0.0
11730,2026-05-25 07:17:41,Linknet,Tidak Ada Gangguan pada Jaringan,15.51,0.0,0.0
11731,2026-05-25 07:19:34,Linknet,Akses Internet ke Luar Terganggu,2.46,0.0,0.0
11732,2026-05-25 07:19:39,Linknet,Tidak Ada Gangguan pada Jaringan,19.46,0.0,0.0
11733,2026-05-25 07:19:58,Linknet,Akses Internet ke Luar Terganggu,4.03,0.0,0.0
11734,2026-05-25 07:20:03,Linknet,Tidak Ada Gangguan pada Jaringan,15.68,0.0,0.0
11735,2026-05-25 07:20:38,Linknet,SPEEDTEST,13.12,93.88,106.4
11736,2026-05-25 07:25:40,Linknet,SPEEDTEST,15.55,88.43,105.23
11737,2026-05-25 07:29:01,Linknet,Router Internal Bermasalah,0.0,0.0,0.0
11738,2026-05-25 07:29:06,Linknet,Tidak Ada Gangguan pada Jaringan,15.67,0.0,0.0
11739,2026-05-25 07:30:49,Linknet,SPEEDTEST,16.97,64.4,12.08
11740,2026-05-25 07:35:51,Linknet,SPEEDTEST,17.35,97.46,55.97
11741,2026-05-25 07:40:49,Linknet,SPEEDTEST,11.8,102.88,56.34
11742,2026-05-25 07:45:53,Linknet,SPEEDTEST,23.09,95.37,105.52
11743,2026-05-25 07:51:06,Linknet,SPEEDTEST,22.36,93.51,105.38
11744,2026-05-25 07:55:54,Linknet,SPEEDTEST,16.81,2.2,57.79
11745,2026-05-25 08:04:22,Linknet,Akses Internet ke Luar Terganggu,2.56,0.0,0.0
11746,2026-05-25 08:04:27,Linknet,Tidak Ada Gangguan pada Jaringan,15.55,0.0,0.0
11747,2026-05-25 08:05:36,Linknet,SPEEDTEST,16.88,69.97,57.31
11748,2026-05-25 08:07:52,Linknet,Akses Internet ke Luar Terganggu,2.17,0.0,0.0
11749,2026-05-25 08:07:57,Linknet,Tidak Ada Gangguan pada Jaringan,15.47,0.0,0.0
11750,2026-05-25 08:10:37,Linknet,SPEEDTEST,17.62,63.44,107.35
11751,2026-05-25 08:15:46,Linknet,SPEEDTEST,26.46,94.76,105.84
11752,2026-05-25 08:20:38,Linknet,SPEEDTEST,18.29,79.39,105.44
11753,2026-05-25 08:25:46,Linknet,SPEEDTEST,15.65,70.05,107.86
11754,2026-05-25 08:27:19,Linknet,Akses Internet ke Luar Terganggu,4.4,0.0,0.0
11755,2026-05-25 08:27:24,Linknet,Tidak Ada Gangguan pada Jaringan,15.76,0.0,0.0
11756,2026-05-25 08:30:48,Linknet,SPEEDTEST,18.26,85.37,100.57
11757,2026-05-25 08:31:55,Linknet,Akses Internet ke Luar Terganggu,5.41,0.0,0.0
11758,2026-05-25 08:32:00,Linknet,Tidak Ada Gangguan pada Jaringan,15.4,0.0,0.0
11759,2026-05-25 08:35:52,Linknet,SPEEDTEST,16.52,93.82,105.81
11760,2026-05-25 08:40:58,Linknet,SPEEDTEST,17.09,60.95,105.62
11761,2026-05-25 08:46:01,Linknet,SPEEDTEST,16.46,63.26,105.36
11762,2026-05-25 08:50:58,Linknet,SPEEDTEST,17.13,4.88,107.11
11763,2026-05-25 08:54:39,Linknet,Akses Internet ke Luar Terganggu,2.21,0.0,0.0
11764,2026-05-25 08:54:44,Linknet,Tidak Ada Gangguan pada Jaringan,15.5,0.0,0.0
11765,2026-05-25 08:56:04,Linknet,SPEEDTEST,17.31,70.5,107.88
11766,2026-05-25 09:05:30,Linknet,SPEEDTEST,14.78,79.94,12.92
11767,2026-05-25 09:07:08,Linknet,Akses Internet ke Luar Terganggu,2.71,0.0,0.0
11768,2026-05-25 09:07:13,Linknet,Tidak Ada Gangguan pada Jaringan,15.82,0.0,0.0
11769,2026-05-25 09:10:28,Linknet,SPEEDTEST,16.33,3.98,107.81
11770,2026-05-25 09:15:34,Linknet,SPEEDTEST,18.1,85.57,107.77
11771,2026-05-25 09:20:51,Linknet,SPEEDTEST,12.89,41.52,105.64
11772,2026-05-25 09:25:45,Linknet,SPEEDTEST,18.03,69.14,108.99
11773,2026-05-25 09:30:45,Linknet,SPEEDTEST,15.79,88.8,103.74
11774,2026-05-25 09:35:52,Linknet,SPEEDTEST,17.52,57.42,107.07
11775,2026-05-25 09:40:50,Linknet,SPEEDTEST,12.2,94.82,105.45
11776,2026-05-25 09:45:59,Linknet,SPEEDTEST,17.26,64.34,107.95
11777,2026-05-25 09:51:03,Linknet,SPEEDTEST,15.66,72.91,108.25
11778,2026-05-25 09:56:07,Linknet,SPEEDTEST,14.23,2.89,62.2
11779,2026-05-25 10:03:16,Linknet,Akses Internet ke Luar Terganggu,2.51,0.0,0.0
11780,2026-05-25 10:03:21,Linknet,Tidak Ada Gangguan pada Jaringan,15.78,0.0,0.0
11781,2026-05-25 10:05:41,Linknet,SPEEDTEST,26.11,96.18,107.6
11782,2026-05-25 10:10:29,Linknet,SPEEDTEST,22.84,92.78,103.31
11783,2026-05-25 10:15:33,Linknet,SPEEDTEST,23.65,92.55,54.24
11784,2026-05-25 10:20:37,Linknet,SPEEDTEST,27.98,93.05,106.33
11785,2026-05-25 10:25:40,Linknet,SPEEDTEST,20.27,93.68,53.37
11786,2026-05-25 10:30:46,Linknet,SPEEDTEST,30.57,93.15,105.01
11787,2026-05-25 10:33:29,Linknet,Akses Internet ke Luar Terganggu,2.77,0.0,0.0
11788,2026-05-25 10:33:34,Linknet,Tidak Ada Gangguan pada Jaringan,15.58,0.0,0.0
11789,2026-05-25 10:33:53,Linknet,Akses Internet ke Luar Terganggu,2.09,0.0,0.0
11790,2026-05-25 10:33:58,Linknet,Tidak Ada Gangguan pada Jaringan,15.55,0.0,0.0
11791,2026-05-25 10:35:47,Linknet,SPEEDTEST,19.08,87.9,105.98
11792,2026-05-25 10:40:50,Linknet,SPEEDTEST,29.09,93.86,108.05
11793,2026-05-25 10:45:53,Linknet,SPEEDTEST,21.23,90.04,105.01
11794,2026-05-25 10:50:52,Linknet,SPEEDTEST,29.02,94.68,108.14
11795,2026-05-25 10:55:55,Linknet,SPEEDTEST,20.02,91.7,104.68
11796,2026-05-25 11:05:32,Linknet,SPEEDTEST,26.3,95.45,106.0
11797,2026-05-25 11:10:34,Linknet,SPEEDTEST,27.8,84.41,103.58
11798,2026-05-25 11:15:40,Linknet,SPEEDTEST,21.63,90.84,103.36
11799,2026-05-25 11:19:00,Linknet,Akses Internet ke Luar Terganggu,2.7,0.0,0.0
11800,2026-05-25 11:19:05,Linknet,Tidak Ada Gangguan pada Jaringan,15.52,0.0,0.0
11801,2026-05-25 11:20:40,Linknet,SPEEDTEST,22.64,78.47,30.87
11802,2026-05-25 11:20:54,Linknet,Akses Internet ke Luar Terganggu,2.36,0.0,0.0
11803,2026-05-25 11:20:59,Linknet,Tidak Ada Gangguan pada Jaringan,15.52,0.0,0.0
11804,2026-05-25 11:21:13,Linknet,Gangguan ISP Gedung,7.66,0.0,0.0
11805,2026-05-25 11:21:27,Linknet,Akses Internet ke Luar Terganggu,2.23,0.0,0.0
11806,2026-05-25 11:21:32,Linknet,Tidak Ada Gangguan pada Jaringan,15.56,0.0,0.0
11807,2026-05-25 11:23:13,Linknet,Akses Internet ke Luar Terganggu,2.41,0.0,0.0
11808,2026-05-25 11:23:18,Linknet,Tidak Ada Gangguan pada Jaringan,15.43,0.0,0.0
11809,2026-05-25 11:25:09,Linknet,Akses Internet ke Luar Terganggu,3.02,0.0,0.0
11810,2026-05-25 11:25:14,Linknet,Tidak Ada Gangguan pada Jaringan,15.7,0.0,0.0
11811,2026-05-25 11:25:44,Linknet,SPEEDTEST,22.29,92.97,105.71
11812,2026-05-25 11:29:30,Linknet,Akses Internet ke Luar Terganggu,6.62,0.0,0.0
11813,2026-05-25 11:29:35,Linknet,Tidak Ada Gangguan pada Jaringan,16.16,0.0,0.0
11814,2026-05-25 11:30:45,Linknet,SPEEDTEST,27.26,95.55,106.93
11815,2026-05-25 11:35:45,Linknet,SPEEDTEST,28.31,96.63,105.74
11816,2026-05-25 11:40:45,Linknet,SPEEDTEST,22.7,89.84,106.97
11817,2026-05-25 11:45:49,Linknet,SPEEDTEST,23.41,94.45,105.51
11818,2026-05-25 11:50:49,Linknet,SPEEDTEST,32.28,94.52,106.81
11819,2026-05-25 11:55:49,Linknet,SPEEDTEST,29.58,93.73,103.36
11820,2026-05-25 12:00:43,Linknet,Akses Internet ke Luar Terganggu,2.72,0.0,0.0
11821,2026-05-25 12:00:48,Linknet,Tidak Ada Gangguan pada Jaringan,15.54,0.0,0.0
11822,2026-05-25 12:01:11,Linknet,Akses Internet ke Luar Terganggu,9.23,0.0,0.0
11823,2026-05-25 12:01:16,Linknet,Tidak Ada Gangguan pada Jaringan,16.39,0.0,0.0
11824,2026-05-25 12:05:33,Linknet,SPEEDTEST,20.53,90.35,16.41
11825,2026-05-25 12:08:46,Linknet,Akses Internet ke Luar Terganggu,3.46,0.0,0.0
11826,2026-05-25 12:08:51,Linknet,Tidak Ada Gangguan pada Jaringan,15.87,0.0,0.0
11827,2026-05-25 12:09:54,Linknet,Akses Internet ke Luar Terganggu,2.42,0.0,0.0
11828,2026-05-25 12:09:59,Linknet,Tidak Ada Gangguan pada Jaringan,15.89,0.0,0.0
11829,2026-05-25 12:10:33,Linknet,SPEEDTEST,21.92,76.16,104.3
11830,2026-05-25 12:13:49,Linknet,Akses Internet ke Luar Terganggu,5.01,0.0,0.0
11831,2026-05-25 12:13:54,Linknet,Tidak Ada Gangguan pada Jaringan,15.68,0.0,0.0
11832,2026-05-25 12:15:31,Linknet,SPEEDTEST,20.08,88.18,104.01
11833,2026-05-25 12:20:33,Linknet,SPEEDTEST,24.63,95.85,105.54
11834,2026-05-25 12:22:13,Linknet,Akses Internet ke Luar Terganggu,3.7,0.0,0.0
11835,2026-05-25 12:22:18,Linknet,Tidak Ada Gangguan pada Jaringan,16.46,0.0,0.0
11836,2026-05-25 12:25:49,Linknet,SPEEDTEST,26.07,96.48,108.0
11837,2026-05-25 12:30:42,Linknet,SPEEDTEST,20.89,61.5,70.07
11838,2026-05-25 12:35:45,Linknet,SPEEDTEST,30.97,90.4,103.41
11839,2026-05-25 12:40:45,Linknet,SPEEDTEST,24.92,97.09,49.84
11840,2026-05-25 12:45:44,Linknet,SPEEDTEST,21.56,93.12,105.17
11841,2026-05-25 12:50:47,Linknet,SPEEDTEST,23.83,96.37,105.59
11842,2026-05-25 12:55:54,Linknet,SPEEDTEST,27.11,89.6,102.58
11843,2026-05-25 13:05:31,Linknet,SPEEDTEST,25.51,83.89,55.92
11844,2026-05-25 13:10:31,Linknet,SPEEDTEST,14.79,96.3,109.0
11845,2026-05-25 13:15:34,Linknet,SPEEDTEST,19.08,100.01,106.26
11846,2026-05-25 13:20:36,Linknet,SPEEDTEST,18.0,93.87,105.44
11847,2026-05-25 13:25:42,Linknet,SPEEDTEST,13.69,94.7,106.88
11848,2026-05-25 13:30:43,Linknet,SPEEDTEST,14.4,96.78,108.21
11849,2026-05-25 13:35:43,Linknet,SPEEDTEST,16.49,93.08,109.06
11850,2026-05-25 13:40:49,Linknet,SPEEDTEST,17.26,70.71,106.39
11851,2026-05-25 13:45:51,Linknet,SPEEDTEST,17.36,97.14,71.56
11852,2026-05-25 13:50:54,Linknet,SPEEDTEST,16.25,92.56,108.5
11853,2026-05-25 13:55:57,Linknet,SPEEDTEST,17.95,34.84,107.27
11854,2026-05-25 13:56:36,Linknet,Router Internal Bermasalah,0.0,0.0,0.0
11855,2026-05-25 13:56:41,Linknet,Tidak Ada Gangguan pada Jaringan,16.33,0.0,0.0
11856,2026-05-25 14:05:39,Linknet,SPEEDTEST,17.49,103.87,61.45
